"시나리오별(1)","시도별(1)","인구종류별(1)",2019,2020,2021,2022,2023
"중위 추계(기본 추계: 출산율-중위 / 기대수명-중위 / 국제이동-중위 / 국내이동-중위)","전국","생산연령인구(천명): 계(15~64세)",37628,37379,37030,36675,36372
"중위 추계(기본 추계: 출산율-중위 / 기대수명-중위 / 국제이동-중위 / 국내이동-중위)","전국","생산연령인구(천명): 15~24세",6125,5911,5625,5378,5196
"중위 추계(기본 추계: 출산율-중위 / 기대수명-중위 / 국제이동-중위 / 국내이동-중위)","전국","생산연령인구(천명): 25~49세",19281,19078,18806,18565,18346
"중위 추계(기본 추계: 출산율-중위 / 기대수명-중위 / 국제이동-중위 / 국내이동-중위)","전국","생산연령인구(천명): 50~64세",12221,12390,12599,12732,12830
"중위 추계(기본 추계: 출산율-중위 / 기대수명-중위 / 국제이동-중위 / 국내이동-중위)","전국","- 구성비(%): 15~24세",11.8,11.4,10.9,10.4,10.1
"중위 추계(기본 추계: 출산율-중위 / 기대수명-중위 / 국제이동-중위 / 국내이동-중위)","전국","- 구성비(%): 25~49세",37.2,36.8,36.3,36,35.6
"중위 추계(기본 추계: 출산율-중위 / 기대수명-중위 / 국제이동-중위 / 국내이동-중위)","전국","- 구성비(%): 50~64세",23.6,23.9,24.3,24.7,24.9
"중위 추계(기본 추계: 출산율-중위 / 기대수명-중위 / 국제이동-중위 / 국내이동-중위)","전국","고령인구(천명): 65세+",7689,8152,8571,9018,9500
"중위 추계(기본 추계: 출산율-중위 / 기대수명-중위 / 국제이동-중위 / 국내이동-중위)","전국","고령인구(천명): 65-69세",2449,2662,2896,3063,3274
"중위 추계(기본 추계: 출산율-중위 / 기대수명-중위 / 국제이동-중위 / 국내이동-중위)","전국","고령인구(천명): 70세+",5240,5490,5676,5955,6226
"중위 추계(기본 추계: 출산율-중위 / 기대수명-중위 / 국제이동-중위 / 국내이동-중위)","전국","고령인구(천명): 75세+",3354,3499,3585,3787,3986
"중위 추계(기본 추계: 출산율-중위 / 기대수명-중위 / 국제이동-중위 / 국내이동-중위)","전국","고령인구(천명): 80세+",1765,1891,2017,2186,2343
"중위 추계(기본 추계: 출산율-중위 / 기대수명-중위 / 국제이동-중위 / 국내이동-중위)","전국","고령인구(천명): 85세+",709,782,859,939,1017
"중위 추계(기본 추계: 출산율-중위 / 기대수명-중위 / 국제이동-중위 / 국내이동-중위)","전국","- 구성비(%): 65세+",14.9,15.7,16.6,17.5,18.4
"중위 추계(기본 추계: 출산율-중위 / 기대수명-중위 / 국제이동-중위 / 국내이동-중위)","전국","- 구성비(%): 65-69세",4.7,5.1,5.6,5.9,6.3
"중위 추계(기본 추계: 출산율-중위 / 기대수명-중위 / 국제이동-중위 / 국내이동-중위)","전국","- 구성비(%): 70세+",10.1,10.6,11,11.5,12.1
"중위 추계(기본 추계: 출산율-중위 / 기대수명-중위 / 국제이동-중위 / 국내이동-중위)","전국","- 구성비(%): 75세+",6.5,6.8,6.9,7.3,7.7
"중위 추계(기본 추계: 출산율-중위 / 기대수명-중위 / 국제이동-중위 / 국내이동-중위)","전국","- 구성비(%): 80세+",3.4,3.6,3.9,4.2,4.5
"중위 추계(기본 추계: 출산율-중위 / 기대수명-중위 / 국제이동-중위 / 국내이동-중위)","전국","- 구성비(%): 85세+",1.4,1.5,1.7,1.8,2
"중위 추계(기본 추계: 출산율-중위 / 기대수명-중위 / 국제이동-중위 / 국내이동-중위)","전국","학령인구(천명): 계(6~21세)",8074,7888,7700,7482,7259
"중위 추계(기본 추계: 출산율-중위 / 기대수명-중위 / 국제이동-중위 / 국내이동-중위)","전국","학령인구(천명): 초등학교(6~11세)",2766,2724,2718,2701,2604
"중위 추계(기본 추계: 출산율-중위 / 기대수명-중위 / 국제이동-중위 / 국내이동-중위)","전국","학령인구(천명): 중학교(12~14세)",1319,1364,1379,1366,1362
"중위 추계(기본 추계: 출산율-중위 / 기대수명-중위 / 국제이동-중위 / 국내이동-중위)","전국","학령인구(천명): 고등학교(15~17세)",1453,1390,1344,1322,1360
"중위 추계(기본 추계: 출산율-중위 / 기대수명-중위 / 국제이동-중위 / 국내이동-중위)","전국","학령인구(천명): 대학교(18~21세)",2537,2410,2258,2093,1933
"중위 추계(기본 추계: 출산율-중위 / 기대수명-중위 / 국제이동-중위 / 국내이동-중위)","전국","청소년인구(천명): 9~24세",8806,8638,8390,8147,7913
"중위 추계(기본 추계: 출산율-중위 / 기대수명-중위 / 국제이동-중위 / 국내이동-중위)","전국","- 구성비(%): 9~24세",17,16.7,16.2,15.8,15.3
"중위 추계(기본 추계: 출산율-중위 / 기대수명-중위 / 국제이동-중위 / 국내이동-중위)","전국","청년인구(천명): 19~34세",10968,10956,10776,10586,10440
"중위 추계(기본 추계: 출산율-중위 / 기대수명-중위 / 국제이동-중위 / 국내이동-중위)","전국","- 구성비(%): 19~34세",21.2,21.1,20.8,20.5,20.2
"중위 추계(기본 추계: 출산율-중위 / 기대수명-중위 / 국제이동-중위 / 국내이동-중위)","서울특별시","생산연령인구(천명): 계(15~64세)",7240,7152,7010,6895,6797
"중위 추계(기본 추계: 출산율-중위 / 기대수명-중위 / 국제이동-중위 / 국내이동-중위)","서울특별시","생산연령인구(천명): 15~24세",1138,1095,1032,993,949
"중위 추계(기본 추계: 출산율-중위 / 기대수명-중위 / 국제이동-중위 / 국내이동-중위)","서울특별시","생산연령인구(천명): 25~49세",3868,3830,3751,3687,3646
"중위 추계(기본 추계: 출산율-중위 / 기대수명-중위 / 국제이동-중위 / 국내이동-중위)","서울특별시","생산연령인구(천명): 50~64세",2234,2228,2226,2215,2202
"중위 추계(기본 추계: 출산율-중위 / 기대수명-중위 / 국제이동-중위 / 국내이동-중위)","서울특별시","- 구성비(%): 15~24세",11.8,11.4,10.9,10.6,10.2
"중위 추계(기본 추계: 출산율-중위 / 기대수명-중위 / 국제이동-중위 / 국내이동-중위)","서울특별시","- 구성비(%): 25~49세",40.1,39.8,39.5,39.2,39
"중위 추계(기본 추계: 출산율-중위 / 기대수명-중위 / 국제이동-중위 / 국내이동-중위)","서울특별시","- 구성비(%): 50~64세",23.1,23.2,23.4,23.5,23.6
"중위 추계(기본 추계: 출산율-중위 / 기대수명-중위 / 국제이동-중위 / 국내이동-중위)","서울특별시","고령인구(천명): 65세+",1397,1477,1546,1616,1692
"중위 추계(기본 추계: 출산율-중위 / 기대수명-중위 / 국제이동-중위 / 국내이동-중위)","서울특별시","고령인구(천명): 65-69세",475,510,546,569,597
"중위 추계(기본 추계: 출산율-중위 / 기대수명-중위 / 국제이동-중위 / 국내이동-중위)","서울특별시","고령인구(천명): 70세+",922,967,1000,1047,1095
"중위 추계(기본 추계: 출산율-중위 / 기대수명-중위 / 국제이동-중위 / 국내이동-중위)","서울특별시","고령인구(천명): 75세+",553,580,601,643,682
"중위 추계(기본 추계: 출산율-중위 / 기대수명-중위 / 국제이동-중위 / 국내이동-중위)","서울특별시","고령인구(천명): 80세+",270,290,313,344,373
"중위 추계(기본 추계: 출산율-중위 / 기대수명-중위 / 국제이동-중위 / 국내이동-중위)","서울특별시","고령인구(천명): 85세+",104,114,125,138,150
"중위 추계(기본 추계: 출산율-중위 / 기대수명-중위 / 국제이동-중위 / 국내이동-중위)","서울특별시","- 구성비(%): 65세+",14.5,15.4,16.3,17.2,18.1
"중위 추계(기본 추계: 출산율-중위 / 기대수명-중위 / 국제이동-중위 / 국내이동-중위)","서울특별시","- 구성비(%): 65-69세",4.9,5.3,5.7,6,6.4
"중위 추계(기본 추계: 출산율-중위 / 기대수명-중위 / 국제이동-중위 / 국내이동-중위)","서울특별시","- 구성비(%): 70세+",9.5,10.1,10.5,11.1,11.7
"중위 추계(기본 추계: 출산율-중위 / 기대수명-중위 / 국제이동-중위 / 국내이동-중위)","서울특별시","- 구성비(%): 75세+",5.7,6,6.3,6.8,7.3
"중위 추계(기본 추계: 출산율-중위 / 기대수명-중위 / 국제이동-중위 / 국내이동-중위)","서울특별시","- 구성비(%): 80세+",2.8,3,3.3,3.7,4
"중위 추계(기본 추계: 출산율-중위 / 기대수명-중위 / 국제이동-중위 / 국내이동-중위)","서울특별시","- 구성비(%): 85세+",1.1,1.2,1.3,1.5,1.6
"중위 추계(기본 추계: 출산율-중위 / 기대수명-중위 / 국제이동-중위 / 국내이동-중위)","서울특별시","학령인구(천명): 계(6~21세)",1337,1295,1240,1194,1138
"중위 추계(기본 추계: 출산율-중위 / 기대수명-중위 / 국제이동-중위 / 국내이동-중위)","서울특별시","학령인구(천명): 초등학교(6~11세)",425,415,408,400,382
"중위 추계(기본 추계: 출산율-중위 / 기대수명-중위 / 국제이동-중위 / 국내이동-중위)","서울특별시","학령인구(천명): 중학교(12~14세)",212,216,214,209,204
"중위 추계(기본 추계: 출산율-중위 / 기대수명-중위 / 국제이동-중위 / 국내이동-중위)","서울특별시","학령인구(천명): 고등학교(15~17세)",235,225,215,209,212
"중위 추계(기본 추계: 출산율-중위 / 기대수명-중위 / 국제이동-중위 / 국내이동-중위)","서울특별시","학령인구(천명): 대학교(18~21세)",465,439,403,376,339
"중위 추계(기본 추계: 출산율-중위 / 기대수명-중위 / 국제이동-중위 / 국내이동-중위)","서울특별시","청소년인구(천명): 9~24세",1561,1519,1454,1409,1351
"중위 추계(기본 추계: 출산율-중위 / 기대수명-중위 / 국제이동-중위 / 국내이동-중위)","서울특별시","- 구성비(%): 9~24세",16.2,15.8,15.3,15,14.5
"중위 추계(기본 추계: 출산율-중위 / 기대수명-중위 / 국제이동-중위 / 국내이동-중위)","서울특별시","청년인구(천명): 19~34세",2344,2348,2309,2281,2257
"중위 추계(기본 추계: 출산율-중위 / 기대수명-중위 / 국제이동-중위 / 국내이동-중위)","서울특별시","- 구성비(%): 19~34세",24.3,24.4,24.3,24.2,24.2
"중위 추계(기본 추계: 출산율-중위 / 기대수명-중위 / 국제이동-중위 / 국내이동-중위)","부산광역시","생산연령인구(천명): 계(15~64세)",2420,2368,2317,2268,2219
"중위 추계(기본 추계: 출산율-중위 / 기대수명-중위 / 국제이동-중위 / 국내이동-중위)","부산광역시","생산연령인구(천명): 15~24세",392,370,348,329,313
"중위 추계(기본 추계: 출산율-중위 / 기대수명-중위 / 국제이동-중위 / 국내이동-중위)","부산광역시","생산연령인구(천명): 25~49세",1172,1150,1128,1107,1084
"중위 추계(기본 추계: 출산율-중위 / 기대수명-중위 / 국제이동-중위 / 국내이동-중위)","부산광역시","생산연령인구(천명): 50~64세",856,848,842,833,822
"중위 추계(기본 추계: 출산율-중위 / 기대수명-중위 / 국제이동-중위 / 국내이동-중위)","부산광역시","- 구성비(%): 15~24세",11.6,11,10.4,10,9.6
"중위 추계(기본 추계: 출산율-중위 / 기대수명-중위 / 국제이동-중위 / 국내이동-중위)","부산광역시","- 구성비(%): 25~49세",34.7,34.3,33.9,33.5,33.2
"중위 추계(기본 추계: 출산율-중위 / 기대수명-중위 / 국제이동-중위 / 국내이동-중위)","부산광역시","- 구성비(%): 50~64세",25.3,25.3,25.3,25.2,25.2
"중위 추계(기본 추계: 출산율-중위 / 기대수명-중위 / 국제이동-중위 / 국내이동-중위)","부산광역시","고령인구(천명): 65세+",592,628,659,692,725
"중위 추계(기본 추계: 출산율-중위 / 기대수명-중위 / 국제이동-중위 / 국내이동-중위)","부산광역시","고령인구(천명): 65-69세",204,218,233,243,254
"중위 추계(기본 추계: 출산율-중위 / 기대수명-중위 / 국제이동-중위 / 국내이동-중위)","부산광역시","고령인구(천명): 70세+",389,410,426,449,471
"중위 추계(기본 추계: 출산율-중위 / 기대수명-중위 / 국제이동-중위 / 국내이동-중위)","부산광역시","고령인구(천명): 75세+",236,249,255,271,288
"중위 추계(기본 추계: 출산율-중위 / 기대수명-중위 / 국제이동-중위 / 국내이동-중위)","부산광역시","고령인구(천명): 80세+",116,125,135,147,160
"중위 추계(기본 추계: 출산율-중위 / 기대수명-중위 / 국제이동-중위 / 국내이동-중위)","부산광역시","고령인구(천명): 85세+",44,49,53,59,64
"중위 추계(기본 추계: 출산율-중위 / 기대수명-중위 / 국제이동-중위 / 국내이동-중위)","부산광역시","- 구성비(%): 65세+",17.5,18.7,19.8,21,22.2
"중위 추계(기본 추계: 출산율-중위 / 기대수명-중위 / 국제이동-중위 / 국내이동-중위)","부산광역시","- 구성비(%): 65-69세",6,6.5,7,7.4,7.8
"중위 추계(기본 추계: 출산율-중위 / 기대수명-중위 / 국제이동-중위 / 국내이동-중위)","부산광역시","- 구성비(%): 70세+",11.5,12.2,12.8,13.6,14.4
"중위 추계(기본 추계: 출산율-중위 / 기대수명-중위 / 국제이동-중위 / 국내이동-중위)","부산광역시","- 구성비(%): 75세+",7,7.4,7.7,8.2,8.8
"중위 추계(기본 추계: 출산율-중위 / 기대수명-중위 / 국제이동-중위 / 국내이동-중위)","부산광역시","- 구성비(%): 80세+",3.4,3.7,4.1,4.5,4.9
"중위 추계(기본 추계: 출산율-중위 / 기대수명-중위 / 국제이동-중위 / 국내이동-중위)","부산광역시","- 구성비(%): 85세+",1.3,1.5,1.6,1.8,2
"중위 추계(기본 추계: 출산율-중위 / 기대수명-중위 / 국제이동-중위 / 국내이동-중위)","부산광역시","학령인구(천명): 계(6~21세)",481,463,448,434,418
"중위 추계(기본 추계: 출산율-중위 / 기대수명-중위 / 국제이동-중위 / 국내이동-중위)","부산광역시","학령인구(천명): 초등학교(6~11세)",157,156,157,157,152
"중위 추계(기본 추계: 출산율-중위 / 기대수명-중위 / 국제이동-중위 / 국내이동-중위)","부산광역시","학령인구(천명): 중학교(12~14세)",74,75,76,76,77
"중위 추계(기본 추계: 출산율-중위 / 기대수명-중위 / 국제이동-중위 / 국내이동-중위)","부산광역시","학령인구(천명): 고등학교(15~17세)",84,80,76,73,75
"중위 추계(기본 추계: 출산율-중위 / 기대수명-중위 / 국제이동-중위 / 국내이동-중위)","부산광역시","학령인구(천명): 대학교(18~21세)",166,152,140,128,114
"중위 추계(기본 추계: 출산율-중위 / 기대수명-중위 / 국제이동-중위 / 국내이동-중위)","부산광역시","청소년인구(천명): 9~24세",542,522,503,486,468
"중위 추계(기본 추계: 출산율-중위 / 기대수명-중위 / 국제이동-중위 / 국내이동-중위)","부산광역시","- 구성비(%): 9~24세",16,15.6,15.1,14.7,14.3
"중위 추계(기본 추계: 출산율-중위 / 기대수명-중위 / 국제이동-중위 / 국내이동-중위)","부산광역시","청년인구(천명): 19~34세",689,678,663,647,630
"중위 추계(기본 추계: 출산율-중위 / 기대수명-중위 / 국제이동-중위 / 국내이동-중위)","부산광역시","- 구성비(%): 19~34세",20.4,20.2,19.9,19.6,19.3
"중위 추계(기본 추계: 출산율-중위 / 기대수명-중위 / 국제이동-중위 / 국내이동-중위)","대구광역시","생산연령인구(천명): 계(15~64세)",1773,1740,1705,1671,1642
"중위 추계(기본 추계: 출산율-중위 / 기대수명-중위 / 국제이동-중위 / 국내이동-중위)","대구광역시","생산연령인구(천명): 15~24세",304,290,273,260,248
"중위 추계(기본 추계: 출산율-중위 / 기대수명-중위 / 국제이동-중위 / 국내이동-중위)","대구광역시","생산연령인구(천명): 25~49세",869,846,824,804,785
"중위 추계(기본 추계: 출산율-중위 / 기대수명-중위 / 국제이동-중위 / 국내이동-중위)","대구광역시","생산연령인구(천명): 50~64세",600,604,608,608,609
"중위 추계(기본 추계: 출산율-중위 / 기대수명-중위 / 국제이동-중위 / 국내이동-중위)","대구광역시","- 구성비(%): 15~24세",12.5,12,11.4,11,10.6
"중위 추계(기본 추계: 출산율-중위 / 기대수명-중위 / 국제이동-중위 / 국내이동-중위)","대구광역시","- 구성비(%): 25~49세",35.7,35,34.5,34,33.5
"중위 추계(기본 추계: 출산율-중위 / 기대수명-중위 / 국제이동-중위 / 국내이동-중위)","대구광역시","- 구성비(%): 50~64세",24.6,25,25.5,25.7,26
"중위 추계(기본 추계: 출산율-중위 / 기대수명-중위 / 국제이동-중위 / 국내이동-중위)","대구광역시","고령인구(천명): 65세+",368,388,407,426,445
"중위 추계(기본 추계: 출산율-중위 / 기대수명-중위 / 국제이동-중위 / 국내이동-중위)","대구광역시","고령인구(천명): 65-69세",124,132,141,147,152
"중위 추계(기본 추계: 출산율-중위 / 기대수명-중위 / 국제이동-중위 / 국내이동-중위)","대구광역시","고령인구(천명): 70세+",244,256,265,279,294
"중위 추계(기본 추계: 출산율-중위 / 기대수명-중위 / 국제이동-중위 / 국내이동-중위)","대구광역시","고령인구(천명): 75세+",155,161,163,172,181
"중위 추계(기본 추계: 출산율-중위 / 기대수명-중위 / 국제이동-중위 / 국내이동-중위)","대구광역시","고령인구(천명): 80세+",78,84,90,98,106
"중위 추계(기본 추계: 출산율-중위 / 기대수명-중위 / 국제이동-중위 / 국내이동-중위)","대구광역시","고령인구(천명): 85세+",30,33,37,41,44
"중위 추계(기본 추계: 출산율-중위 / 기대수명-중위 / 국제이동-중위 / 국내이동-중위)","대구광역시","- 구성비(%): 65세+",15.1,16.1,17,18,19
"중위 추계(기본 추계: 출산율-중위 / 기대수명-중위 / 국제이동-중위 / 국내이동-중위)","대구광역시","- 구성비(%): 65-69세",5.1,5.5,5.9,6.2,6.5
"중위 추계(기본 추계: 출산율-중위 / 기대수명-중위 / 국제이동-중위 / 국내이동-중위)","대구광역시","- 구성비(%): 70세+",10,10.6,11.1,11.8,12.5
"중위 추계(기본 추계: 출산율-중위 / 기대수명-중위 / 국제이동-중위 / 국내이동-중위)","대구광역시","- 구성비(%): 75세+",6.4,6.7,6.8,7.3,7.7
"중위 추계(기본 추계: 출산율-중위 / 기대수명-중위 / 국제이동-중위 / 국내이동-중위)","대구광역시","- 구성비(%): 80세+",3.2,3.5,3.8,4.1,4.5
"중위 추계(기본 추계: 출산율-중위 / 기대수명-중위 / 국제이동-중위 / 국내이동-중위)","대구광역시","- 구성비(%): 85세+",1.2,1.4,1.5,1.7,1.9
"중위 추계(기본 추계: 출산율-중위 / 기대수명-중위 / 국제이동-중위 / 국내이동-중위)","대구광역시","학령인구(천명): 계(6~21세)",389,375,363,351,336
"중위 추계(기본 추계: 출산율-중위 / 기대수명-중위 / 국제이동-중위 / 국내이동-중위)","대구광역시","학령인구(천명): 초등학교(6~11세)",127,124,123,123,119
"중위 추계(기본 추계: 출산율-중위 / 기대수명-중위 / 국제이동-중위 / 국내이동-중위)","대구광역시","학령인구(천명): 중학교(12~14세)",63,64,63,62,61
"중위 추계(기본 추계: 출산율-중위 / 기대수명-중위 / 국제이동-중위 / 국내이동-중위)","대구광역시","학령인구(천명): 고등학교(15~17세)",72,68,64,62,63
"중위 추계(기본 추계: 출산율-중위 / 기대수명-중위 / 국제이동-중위 / 국내이동-중위)","대구광역시","학령인구(천명): 대학교(18~21세)",127,120,112,104,94
"중위 추계(기본 추계: 출산율-중위 / 기대수명-중위 / 국제이동-중위 / 국내이동-중위)","대구광역시","청소년인구(천명): 9~24세",429,416,399,385,371
"중위 추계(기본 추계: 출산율-중위 / 기대수명-중위 / 국제이동-중위 / 국내이동-중위)","대구광역시","- 구성비(%): 9~24세",17.6,17.2,16.7,16.3,15.8
"중위 추계(기본 추계: 출산율-중위 / 기대수명-중위 / 국제이동-중위 / 국내이동-중위)","대구광역시","청년인구(천명): 19~34세",502,496,484,472,461
"중위 추계(기본 추계: 출산율-중위 / 기대수명-중위 / 국제이동-중위 / 국내이동-중위)","대구광역시","- 구성비(%): 19~34세",20.6,20.5,20.3,20,19.7
"중위 추계(기본 추계: 출산율-중위 / 기대수명-중위 / 국제이동-중위 / 국내이동-중위)","인천광역시","생산연령인구(천명): 계(15~64세)",2202,2185,2161,2161,2145
"중위 추계(기본 추계: 출산율-중위 / 기대수명-중위 / 국제이동-중위 / 국내이동-중위)","인천광역시","생산연령인구(천명): 15~24세",339,327,311,301,293
"중위 추계(기본 추계: 출산율-중위 / 기대수명-중위 / 국제이동-중위 / 국내이동-중위)","인천광역시","생산연령인구(천명): 25~49세",1145,1130,1109,1108,1093
"중위 추계(기본 추계: 출산율-중위 / 기대수명-중위 / 국제이동-중위 / 국내이동-중위)","인천광역시","생산연령인구(천명): 50~64세",719,729,741,753,759
"중위 추계(기본 추계: 출산율-중위 / 기대수명-중위 / 국제이동-중위 / 국내이동-중위)","인천광역시","- 구성비(%): 15~24세",11.5,11.1,10.6,10.1,9.9
"중위 추계(기본 추계: 출산율-중위 / 기대수명-중위 / 국제이동-중위 / 국내이동-중위)","인천광역시","- 구성비(%): 25~49세",38.8,38.3,37.7,37.4,36.9
"중위 추계(기본 추계: 출산율-중위 / 기대수명-중위 / 국제이동-중위 / 국내이동-중위)","인천광역시","- 구성비(%): 50~64세",24.3,24.7,25.2,25.4,25.6
"중위 추계(기본 추계: 출산율-중위 / 기대수명-중위 / 국제이동-중위 / 국내이동-중위)","인천광역시","고령인구(천명): 65세+",371,398,423,451,482
"중위 추계(기본 추계: 출산율-중위 / 기대수명-중위 / 국제이동-중위 / 국내이동-중위)","인천광역시","고령인구(천명): 65-69세",124,137,152,165,180
"중위 추계(기본 추계: 출산율-중위 / 기대수명-중위 / 국제이동-중위 / 국내이동-중위)","인천광역시","고령인구(천명): 70세+",247,261,271,287,302
"중위 추계(기본 추계: 출산율-중위 / 기대수명-중위 / 국제이동-중위 / 국내이동-중위)","인천광역시","고령인구(천명): 75세+",154,162,167,179,190
"중위 추계(기본 추계: 출산율-중위 / 기대수명-중위 / 국제이동-중위 / 국내이동-중위)","인천광역시","고령인구(천명): 80세+",81,87,93,101,109
"중위 추계(기본 추계: 출산율-중위 / 기대수명-중위 / 국제이동-중위 / 국내이동-중위)","인천광역시","고령인구(천명): 85세+",34,37,41,44,48
"중위 추계(기본 추계: 출산율-중위 / 기대수명-중위 / 국제이동-중위 / 국내이동-중위)","인천광역시","- 구성비(%): 65세+",12.6,13.5,14.4,15.2,16.3
"중위 추계(기본 추계: 출산율-중위 / 기대수명-중위 / 국제이동-중위 / 국내이동-중위)","인천광역시","- 구성비(%): 65-69세",4.2,4.6,5.2,5.6,6.1
"중위 추계(기본 추계: 출산율-중위 / 기대수명-중위 / 국제이동-중위 / 국내이동-중위)","인천광역시","- 구성비(%): 70세+",8.4,8.8,9.2,9.7,10.2
"중위 추계(기본 추계: 출산율-중위 / 기대수명-중위 / 국제이동-중위 / 국내이동-중위)","인천광역시","- 구성비(%): 75세+",5.2,5.5,5.7,6.1,6.4
"중위 추계(기본 추계: 출산율-중위 / 기대수명-중위 / 국제이동-중위 / 국내이동-중위)","인천광역시","- 구성비(%): 80세+",2.8,3,3.2,3.4,3.7
"중위 추계(기본 추계: 출산율-중위 / 기대수명-중위 / 국제이동-중위 / 국내이동-중위)","인천광역시","- 구성비(%): 85세+",1.1,1.3,1.4,1.5,1.6
"중위 추계(기본 추계: 출산율-중위 / 기대수명-중위 / 국제이동-중위 / 국내이동-중위)","인천광역시","학령인구(천명): 계(6~21세)",458,447,439,432,421
"중위 추계(기본 추계: 출산율-중위 / 기대수명-중위 / 국제이동-중위 / 국내이동-중위)","인천광역시","학령인구(천명): 초등학교(6~11세)",162,159,158,158,152
"중위 추계(기본 추계: 출산율-중위 / 기대수명-중위 / 국제이동-중위 / 국내이동-중위)","인천광역시","학령인구(천명): 중학교(12~14세)",76,79,80,80,80
"중위 추계(기본 추계: 출산율-중위 / 기대수명-중위 / 국제이동-중위 / 국내이동-중위)","인천광역시","학령인구(천명): 고등학교(15~17세)",83,79,77,76,79
"중위 추계(기본 추계: 출산율-중위 / 기대수명-중위 / 국제이동-중위 / 국내이동-중위)","인천광역시","학령인구(천명): 대학교(18~21세)",136,130,124,117,110
"중위 추계(기본 추계: 출산율-중위 / 기대수명-중위 / 국제이동-중위 / 국내이동-중위)","인천광역시","청소년인구(천명): 9~24세",495,485,472,463,452
"중위 추계(기본 추계: 출산율-중위 / 기대수명-중위 / 국제이동-중위 / 국내이동-중위)","인천광역시","- 구성비(%): 9~24세",16.8,16.4,16.1,15.6,15.3
"중위 추계(기본 추계: 출산율-중위 / 기대수명-중위 / 국제이동-중위 / 국내이동-중위)","인천광역시","청년인구(천명): 19~34세",636,634,618,614,606
"중위 추계(기본 추계: 출산율-중위 / 기대수명-중위 / 국제이동-중위 / 국내이동-중위)","인천광역시","- 구성비(%): 19~34세",21.5,21.5,21,20.7,20.5
"중위 추계(기본 추계: 출산율-중위 / 기대수명-중위 / 국제이동-중위 / 국내이동-중위)","광주광역시","생산연령인구(천명): 계(15~64세)",1093,1078,1065,1056,1045
"중위 추계(기본 추계: 출산율-중위 / 기대수명-중위 / 국제이동-중위 / 국내이동-중위)","광주광역시","생산연령인구(천명): 15~24세",211,199,188,179,171
"중위 추계(기본 추계: 출산율-중위 / 기대수명-중위 / 국제이동-중위 / 국내이동-중위)","광주광역시","생산연령인구(천명): 25~49세",554,546,536,531,523
"중위 추계(기본 추계: 출산율-중위 / 기대수명-중위 / 국제이동-중위 / 국내이동-중위)","광주광역시","생산연령인구(천명): 50~64세",328,334,341,347,351
"중위 추계(기본 추계: 출산율-중위 / 기대수명-중위 / 국제이동-중위 / 국내이동-중위)","광주광역시","- 구성비(%): 15~24세",14.2,13.5,12.8,12.3,11.8
"중위 추계(기본 추계: 출산율-중위 / 기대수명-중위 / 국제이동-중위 / 국내이동-중위)","광주광역시","- 구성비(%): 25~49세",37.2,36.9,36.5,36.3,35.9
"중위 추계(기본 추계: 출산율-중위 / 기대수명-중위 / 국제이동-중위 / 국내이동-중위)","광주광역시","- 구성비(%): 50~64세",22.1,22.5,23.2,23.7,24.1
"중위 추계(기본 추계: 출산율-중위 / 기대수명-중위 / 국제이동-중위 / 국내이동-중위)","광주광역시","고령인구(천명): 65세+",193,204,213,223,234
"중위 추계(기본 추계: 출산율-중위 / 기대수명-중위 / 국제이동-중위 / 국내이동-중위)","광주광역시","고령인구(천명): 65-69세",61,65,69,72,78
"중위 추계(기본 추계: 출산율-중위 / 기대수명-중위 / 국제이동-중위 / 국내이동-중위)","광주광역시","고령인구(천명): 70세+",132,139,144,151,156
"중위 추계(기본 추계: 출산율-중위 / 기대수명-중위 / 국제이동-중위 / 국내이동-중위)","광주광역시","고령인구(천명): 75세+",82,87,89,95,100
"중위 추계(기본 추계: 출산율-중위 / 기대수명-중위 / 국제이동-중위 / 국내이동-중위)","광주광역시","고령인구(천명): 80세+",43,46,49,54,58
"중위 추계(기본 추계: 출산율-중위 / 기대수명-중위 / 국제이동-중위 / 국내이동-중위)","광주광역시","고령인구(천명): 85세+",17,19,21,23,25
"중위 추계(기본 추계: 출산율-중위 / 기대수명-중위 / 국제이동-중위 / 국내이동-중위)","광주광역시","- 구성비(%): 65세+",13,13.8,14.5,15.2,16.1
"중위 추계(기본 추계: 출산율-중위 / 기대수명-중위 / 국제이동-중위 / 국내이동-중위)","광주광역시","- 구성비(%): 65-69세",4.1,4.4,4.7,4.9,5.4
"중위 추계(기본 추계: 출산율-중위 / 기대수명-중위 / 국제이동-중위 / 국내이동-중위)","광주광역시","- 구성비(%): 70세+",8.9,9.4,9.8,10.3,10.7
"중위 추계(기본 추계: 출산율-중위 / 기대수명-중위 / 국제이동-중위 / 국내이동-중위)","광주광역시","- 구성비(%): 75세+",5.5,5.9,6.1,6.5,6.9
"중위 추계(기본 추계: 출산율-중위 / 기대수명-중위 / 국제이동-중위 / 국내이동-중위)","광주광역시","- 구성비(%): 80세+",2.9,3.1,3.3,3.7,4
"중위 추계(기본 추계: 출산율-중위 / 기대수명-중위 / 국제이동-중위 / 국내이동-중위)","광주광역시","- 구성비(%): 85세+",1.2,1.3,1.4,1.6,1.7
"중위 추계(기본 추계: 출산율-중위 / 기대수명-중위 / 국제이동-중위 / 국내이동-중위)","광주광역시","학령인구(천명): 계(6~21세)",272,261,251,242,232
"중위 추계(기본 추계: 출산율-중위 / 기대수명-중위 / 국제이동-중위 / 국내이동-중위)","광주광역시","학령인구(천명): 초등학교(6~11세)",89,87,85,84,81
"중위 추계(기본 추계: 출산율-중위 / 기대수명-중위 / 국제이동-중위 / 국내이동-중위)","광주광역시","학령인구(천명): 중학교(12~14세)",44,45,45,44,43
"중위 추계(기본 추계: 출산율-중위 / 기대수명-중위 / 국제이동-중위 / 국내이동-중위)","광주광역시","학령인구(천명): 고등학교(15~17세)",49,46,44,43,44
"중위 추계(기본 추계: 출산율-중위 / 기대수명-중위 / 국제이동-중위 / 국내이동-중위)","광주광역시","학령인구(천명): 대학교(18~21세)",91,83,76,70,64
"중위 추계(기본 추계: 출산율-중위 / 기대수명-중위 / 국제이동-중위 / 국내이동-중위)","광주광역시","청소년인구(천명): 9~24세",299,288,277,267,257
"중위 추계(기본 추계: 출산율-중위 / 기대수명-중위 / 국제이동-중위 / 국내이동-중위)","광주광역시","- 구성비(%): 9~24세",20.1,19.4,18.9,18.3,17.7
"중위 추계(기본 추계: 출산율-중위 / 기대수명-중위 / 국제이동-중위 / 국내이동-중위)","광주광역시","청년인구(천명): 19~34세",331,327,322,318,314
"중위 추계(기본 추계: 출산율-중위 / 기대수명-중위 / 국제이동-중위 / 국내이동-중위)","광주광역시","- 구성비(%): 19~34세",22.2,22.1,21.9,21.8,21.6
"중위 추계(기본 추계: 출산율-중위 / 기대수명-중위 / 국제이동-중위 / 국내이동-중위)","대전광역시","생산연령인구(천명): 계(15~64세)",1116,1100,1083,1071,1056
"중위 추계(기본 추계: 출산율-중위 / 기대수명-중위 / 국제이동-중위 / 국내이동-중위)","대전광역시","생산연령인구(천명): 15~24세",218,211,199,189,179
"중위 추계(기본 추계: 출산율-중위 / 기대수명-중위 / 국제이동-중위 / 국내이동-중위)","대전광역시","생산연령인구(천명): 25~49세",557,546,538,534,528
"중위 추계(기본 추계: 출산율-중위 / 기대수명-중위 / 국제이동-중위 / 국내이동-중위)","대전광역시","생산연령인구(천명): 50~64세",341,343,346,348,350
"중위 추계(기본 추계: 출산율-중위 / 기대수명-중위 / 국제이동-중위 / 국내이동-중위)","대전광역시","- 구성비(%): 15~24세",14.5,14.1,13.5,12.8,12.2
"중위 추계(기본 추계: 출산율-중위 / 기대수명-중위 / 국제이동-중위 / 국내이동-중위)","대전광역시","- 구성비(%): 25~49세",37.1,36.6,36.4,36.3,36.1
"중위 추계(기본 추계: 출산율-중위 / 기대수명-중위 / 국제이동-중위 / 국내이동-중위)","대전광역시","- 구성비(%): 50~64세",22.7,23,23.4,23.7,24
"중위 추계(기본 추계: 출산율-중위 / 기대수명-중위 / 국제이동-중위 / 국내이동-중위)","대전광역시","고령인구(천명): 65세+",193,206,217,229,241
"중위 추계(기본 추계: 출산율-중위 / 기대수명-중위 / 국제이동-중위 / 국내이동-중위)","대전광역시","고령인구(천명): 65-69세",64,70,76,81,86
"중위 추계(기본 추계: 출산율-중위 / 기대수명-중위 / 국제이동-중위 / 국내이동-중위)","대전광역시","고령인구(천명): 70세+",129,136,141,148,155
"중위 추계(기본 추계: 출산율-중위 / 기대수명-중위 / 국제이동-중위 / 국내이동-중위)","대전광역시","고령인구(천명): 75세+",82,86,88,93,97
"중위 추계(기본 추계: 출산율-중위 / 기대수명-중위 / 국제이동-중위 / 국내이동-중위)","대전광역시","고령인구(천명): 80세+",44,46,49,53,57
"중위 추계(기본 추계: 출산율-중위 / 기대수명-중위 / 국제이동-중위 / 국내이동-중위)","대전광역시","고령인구(천명): 85세+",18,20,21,23,25
"중위 추계(기본 추계: 출산율-중위 / 기대수명-중위 / 국제이동-중위 / 국내이동-중위)","대전광역시","- 구성비(%): 65세+",12.9,13.8,14.7,15.5,16.5
"중위 추계(기본 추계: 출산율-중위 / 기대수명-중위 / 국제이동-중위 / 국내이동-중위)","대전광역시","- 구성비(%): 65-69세",4.3,4.7,5.2,5.5,5.9
"중위 추계(기본 추계: 출산율-중위 / 기대수명-중위 / 국제이동-중위 / 국내이동-중위)","대전광역시","- 구성비(%): 70세+",8.6,9.1,9.5,10.1,10.6
"중위 추계(기본 추계: 출산율-중위 / 기대수명-중위 / 국제이동-중위 / 국내이동-중위)","대전광역시","- 구성비(%): 75세+",5.5,5.8,5.9,6.3,6.7
"중위 추계(기본 추계: 출산율-중위 / 기대수명-중위 / 국제이동-중위 / 국내이동-중위)","대전광역시","- 구성비(%): 80세+",2.9,3.1,3.3,3.6,3.9
"중위 추계(기본 추계: 출산율-중위 / 기대수명-중위 / 국제이동-중위 / 국내이동-중위)","대전광역시","- 구성비(%): 85세+",1.2,1.3,1.4,1.6,1.7
"중위 추계(기본 추계: 출산율-중위 / 기대수명-중위 / 국제이동-중위 / 국내이동-중위)","대전광역시","학령인구(천명): 계(6~21세)",266,258,246,233,219
"중위 추계(기본 추계: 출산율-중위 / 기대수명-중위 / 국제이동-중위 / 국내이동-중위)","대전광역시","학령인구(천명): 초등학교(6~11세)",83,81,79,78,74
"중위 추계(기본 추계: 출산율-중위 / 기대수명-중위 / 국제이동-중위 / 국내이동-중위)","대전광역시","학령인구(천명): 중학교(12~14세)",41,42,42,41,40
"중위 추계(기본 추계: 출산율-중위 / 기대수명-중위 / 국제이동-중위 / 국내이동-중위)","대전광역시","학령인구(천명): 고등학교(15~17세)",46,44,42,40,41
"중위 추계(기본 추계: 출산율-중위 / 기대수명-중위 / 국제이동-중위 / 국내이동-중위)","대전광역시","학령인구(천명): 대학교(18~21세)",96,91,83,74,64
"중위 추계(기본 추계: 출산율-중위 / 기대수명-중위 / 국제이동-중위 / 국내이동-중위)","대전광역시","청소년인구(천명): 9~24세",301,293,282,270,257
"중위 추계(기본 추계: 출산율-중위 / 기대수명-중위 / 국제이동-중위 / 국내이동-중위)","대전광역시","- 구성비(%): 9~24세",20,19.6,19,18.3,17.6
"중위 추계(기본 추계: 출산율-중위 / 기대수명-중위 / 국제이동-중위 / 국내이동-중위)","대전광역시","청년인구(천명): 19~34세",353,352,350,348,342
"중위 추계(기본 추계: 출산율-중위 / 기대수명-중위 / 국제이동-중위 / 국내이동-중위)","대전광역시","- 구성비(%): 19~34세",23.5,23.6,23.7,23.6,23.4
"중위 추계(기본 추계: 출산율-중위 / 기대수명-중위 / 국제이동-중위 / 국내이동-중위)","울산광역시","생산연령인구(천명): 계(15~64세)",858,845,826,810,796
"중위 추계(기본 추계: 출산율-중위 / 기대수명-중위 / 국제이동-중위 / 국내이동-중위)","울산광역시","생산연령인구(천명): 15~24세",131,125,116,109,105
"중위 추계(기본 추계: 출산율-중위 / 기대수명-중위 / 국제이동-중위 / 국내이동-중위)","울산광역시","생산연령인구(천명): 25~49세",436,425,412,400,390
"중위 추계(기본 추계: 출산율-중위 / 기대수명-중위 / 국제이동-중위 / 국내이동-중위)","울산광역시","생산연령인구(천명): 50~64세",291,295,298,301,301
"중위 추계(기본 추계: 출산율-중위 / 기대수명-중위 / 국제이동-중위 / 국내이동-중위)","울산광역시","- 구성비(%): 15~24세",11.4,10.9,10.3,9.8,9.5
"중위 추계(기본 추계: 출산율-중위 / 기대수명-중위 / 국제이동-중위 / 국내이동-중위)","울산광역시","- 구성비(%): 25~49세",38.1,37.3,36.6,36,35.3
"중위 추계(기본 추계: 출산율-중위 / 기대수명-중위 / 국제이동-중위 / 국내이동-중위)","울산광역시","- 구성비(%): 50~64세",25.4,25.9,26.6,27,27.3
"중위 추계(기본 추계: 출산율-중위 / 기대수명-중위 / 국제이동-중위 / 국내이동-중위)","울산광역시","고령인구(천명): 65세+",127,138,147,158,170
"중위 추계(기본 추계: 출산율-중위 / 기대수명-중위 / 국제이동-중위 / 국내이동-중위)","울산광역시","고령인구(천명): 65-69세",49,54,60,64,69
"중위 추계(기본 추계: 출산율-중위 / 기대수명-중위 / 국제이동-중위 / 국내이동-중위)","울산광역시","고령인구(천명): 70세+",78,83,88,94,101
"중위 추계(기본 추계: 출산율-중위 / 기대수명-중위 / 국제이동-중위 / 국내이동-중위)","울산광역시","고령인구(천명): 75세+",46,49,50,54,58
"중위 추계(기본 추계: 출산율-중위 / 기대수명-중위 / 국제이동-중위 / 국내이동-중위)","울산광역시","고령인구(천명): 80세+",23,25,27,29,32
"중위 추계(기본 추계: 출산율-중위 / 기대수명-중위 / 국제이동-중위 / 국내이동-중위)","울산광역시","고령인구(천명): 85세+",9,10,11,12,13
"중위 추계(기본 추계: 출산율-중위 / 기대수명-중위 / 국제이동-중위 / 국내이동-중위)","울산광역시","- 구성비(%): 65세+",11.1,12.1,13.1,14.2,15.4
"중위 추계(기본 추계: 출산율-중위 / 기대수명-중위 / 국제이동-중위 / 국내이동-중위)","울산광역시","- 구성비(%): 65-69세",4.3,4.8,5.3,5.7,6.2
"중위 추계(기본 추계: 출산율-중위 / 기대수명-중위 / 국제이동-중위 / 국내이동-중위)","울산광역시","- 구성비(%): 70세+",6.8,7.3,7.8,8.5,9.1
"중위 추계(기본 추계: 출산율-중위 / 기대수명-중위 / 국제이동-중위 / 국내이동-중위)","울산광역시","- 구성비(%): 75세+",4.1,4.3,4.5,4.8,5.2
"중위 추계(기본 추계: 출산율-중위 / 기대수명-중위 / 국제이동-중위 / 국내이동-중위)","울산광역시","- 구성비(%): 80세+",2,2.2,2.4,2.6,2.9
"중위 추계(기본 추계: 출산율-중위 / 기대수명-중위 / 국제이동-중위 / 국내이동-중위)","울산광역시","- 구성비(%): 85세+",0.8,0.9,1,1.1,1.2
"중위 추계(기본 추계: 출산율-중위 / 기대수명-중위 / 국제이동-중위 / 국내이동-중위)","울산광역시","학령인구(천명): 계(6~21세)",186,182,177,173,169
"중위 추계(기본 추계: 출산율-중위 / 기대수명-중위 / 국제이동-중위 / 국내이동-중위)","울산광역시","학령인구(천명): 초등학교(6~11세)",69,68,67,67,64
"중위 추계(기본 추계: 출산율-중위 / 기대수명-중위 / 국제이동-중위 / 국내이동-중위)","울산광역시","학령인구(천명): 중학교(12~14세)",31,33,33,33,33
"중위 추계(기본 추계: 출산율-중위 / 기대수명-중위 / 국제이동-중위 / 국내이동-중위)","울산광역시","학령인구(천명): 고등학교(15~17세)",35,33,31,31,32
"중위 추계(기본 추계: 출산율-중위 / 기대수명-중위 / 국제이동-중위 / 국내이동-중위)","울산광역시","학령인구(천명): 대학교(18~21세)",51,48,45,42,40
"중위 추계(기본 추계: 출산율-중위 / 기대수명-중위 / 국제이동-중위 / 국내이동-중위)","울산광역시","청소년인구(천명): 9~24세",196,191,183,176,171
"중위 추계(기본 추계: 출산율-중위 / 기대수명-중위 / 국제이동-중위 / 국내이동-중위)","울산광역시","- 구성비(%): 9~24세",17.1,16.8,16.3,15.9,15.5
"중위 추계(기본 추계: 출산율-중위 / 기대수명-중위 / 국제이동-중위 / 국내이동-중위)","울산광역시","청년인구(천명): 19~34세",234,229,218,209,202
"중위 추계(기본 추계: 출산율-중위 / 기대수명-중위 / 국제이동-중위 / 국내이동-중위)","울산광역시","- 구성비(%): 19~34세",20.4,20.1,19.4,18.8,18.3
"중위 추계(기본 추계: 출산율-중위 / 기대수명-중위 / 국제이동-중위 / 국내이동-중위)","세종특별자치시","생산연령인구(천명): 계(15~64세)",234,247,260,272,278
"중위 추계(기본 추계: 출산율-중위 / 기대수명-중위 / 국제이동-중위 / 국내이동-중위)","세종특별자치시","생산연령인구(천명): 15~24세",38,40,41,43,43
"중위 추계(기본 추계: 출산율-중위 / 기대수명-중위 / 국제이동-중위 / 국내이동-중위)","세종특별자치시","생산연령인구(천명): 25~49세",140,147,154,159,161
"중위 추계(기본 추계: 출산율-중위 / 기대수명-중위 / 국제이동-중위 / 국내이동-중위)","세종특별자치시","생산연령인구(천명): 50~64세",55,60,65,70,74
"중위 추계(기본 추계: 출산율-중위 / 기대수명-중위 / 국제이동-중위 / 국내이동-중위)","세종특별자치시","- 구성비(%): 15~24세",11.6,11.6,11.3,11.1,11
"중위 추계(기본 추계: 출산율-중위 / 기대수명-중위 / 국제이동-중위 / 국내이동-중위)","세종특별자치시","- 구성비(%): 25~49세",42.6,42.2,41.9,41.6,41.1
"중위 추계(기본 추계: 출산율-중위 / 기대수명-중위 / 국제이동-중위 / 국내이동-중위)","세종특별자치시","- 구성비(%): 50~64세",16.8,17.1,17.7,18.3,18.9
"중위 추계(기본 추계: 출산율-중위 / 기대수명-중위 / 국제이동-중위 / 국내이동-중위)","세종특별자치시","고령인구(천명): 65세+",29,32,35,38,41
"중위 추계(기본 추계: 출산율-중위 / 기대수명-중위 / 국제이동-중위 / 국내이동-중위)","세종특별자치시","고령인구(천명): 65-69세",10,11,13,14,15
"중위 추계(기본 추계: 출산율-중위 / 기대수명-중위 / 국제이동-중위 / 국내이동-중위)","세종특별자치시","고령인구(천명): 70세+",20,21,22,24,25
"중위 추계(기본 추계: 출산율-중위 / 기대수명-중위 / 국제이동-중위 / 국내이동-중위)","세종특별자치시","고령인구(천명): 75세+",13,13,14,15,16
"중위 추계(기본 추계: 출산율-중위 / 기대수명-중위 / 국제이동-중위 / 국내이동-중위)","세종특별자치시","고령인구(천명): 80세+",7,7,8,9,9
"중위 추계(기본 추계: 출산율-중위 / 기대수명-중위 / 국제이동-중위 / 국내이동-중위)","세종특별자치시","고령인구(천명): 85세+",3,3,4,4,4
"중위 추계(기본 추계: 출산율-중위 / 기대수명-중위 / 국제이동-중위 / 국내이동-중위)","세종특별자치시","- 구성비(%): 65세+",8.9,9.2,9.6,9.9,10.4
"중위 추계(기본 추계: 출산율-중위 / 기대수명-중위 / 국제이동-중위 / 국내이동-중위)","세종특별자치시","- 구성비(%): 65-69세",3,3.2,3.5,3.7,3.9
"중위 추계(기본 추계: 출산율-중위 / 기대수명-중위 / 국제이동-중위 / 국내이동-중위)","세종특별자치시","- 구성비(%): 70세+",5.9,6,6.1,6.2,6.5
"중위 추계(기본 추계: 출산율-중위 / 기대수명-중위 / 국제이동-중위 / 국내이동-중위)","세종특별자치시","- 구성비(%): 75세+",3.8,3.8,3.8,3.9,4
"중위 추계(기본 추계: 출산율-중위 / 기대수명-중위 / 국제이동-중위 / 국내이동-중위)","세종특별자치시","- 구성비(%): 80세+",2.1,2.1,2.2,2.3,2.4
"중위 추계(기본 추계: 출산율-중위 / 기대수명-중위 / 국제이동-중위 / 국내이동-중위)","세종특별자치시","- 구성비(%): 85세+",0.9,0.9,1,1.1,1.1
"중위 추계(기본 추계: 출산율-중위 / 기대수명-중위 / 국제이동-중위 / 국내이동-중위)","세종특별자치시","학령인구(천명): 계(6~21세)",65,71,74,77,79
"중위 추계(기본 추계: 출산율-중위 / 기대수명-중위 / 국제이동-중위 / 국내이동-중위)","세종특별자치시","학령인구(천명): 초등학교(6~11세)",28,30,31,33,33
"중위 추계(기본 추계: 출산율-중위 / 기대수명-중위 / 국제이동-중위 / 국내이동-중위)","세종특별자치시","학령인구(천명): 중학교(12~14세)",12,13,14,15,16
"중위 추계(기본 추계: 출산율-중위 / 기대수명-중위 / 국제이동-중위 / 국내이동-중위)","세종특별자치시","학령인구(천명): 고등학교(15~17세)",10,11,12,13,14
"중위 추계(기본 추계: 출산율-중위 / 기대수명-중위 / 국제이동-중위 / 국내이동-중위)","세종특별자치시","학령인구(천명): 대학교(18~21세)",15,17,17,16,16
"중위 추계(기본 추계: 출산율-중위 / 기대수명-중위 / 국제이동-중위 / 국내이동-중위)","세종특별자치시","청소년인구(천명): 9~24세",63,68,71,75,76
"중위 추계(기본 추계: 출산율-중위 / 기대수명-중위 / 국제이동-중위 / 국내이동-중위)","세종특별자치시","- 구성비(%): 9~24세",19.2,19.6,19.5,19.5,19.4
"중위 추계(기본 추계: 출산율-중위 / 기대수명-중위 / 국제이동-중위 / 국내이동-중위)","세종특별자치시","청년인구(천명): 19~34세",70,72,75,77,77
"중위 추계(기본 추계: 출산율-중위 / 기대수명-중위 / 국제이동-중위 / 국내이동-중위)","세종특별자치시","- 구성비(%): 19~34세",21.1,20.7,20.6,20.1,19.7
"중위 추계(기본 추계: 출산율-중위 / 기대수명-중위 / 국제이동-중위 / 국내이동-중위)","경기도","생산연령인구(천명): 계(15~64세)",9827,9931,9997,9997,10032
"중위 추계(기본 추계: 출산율-중위 / 기대수명-중위 / 국제이동-중위 / 국내이동-중위)","경기도","생산연령인구(천명): 15~24세",1531,1518,1474,1424,1396
"중위 추계(기본 추계: 출산율-중위 / 기대수명-중위 / 국제이동-중위 / 국내이동-중위)","경기도","생산연령인구(천명): 25~49세",5265,5282,5281,5250,5242
"중위 추계(기본 추계: 출산율-중위 / 기대수명-중위 / 국제이동-중위 / 국내이동-중위)","경기도","생산연령인구(천명): 50~64세",3031,3130,3242,3323,3394
"중위 추계(기본 추계: 출산율-중위 / 기대수명-중위 / 국제이동-중위 / 국내이동-중위)","경기도","- 구성비(%): 15~24세",11.6,11.3,10.8,10.4,10.1
"중위 추계(기본 추계: 출산율-중위 / 기대수명-중위 / 국제이동-중위 / 국내이동-중위)","경기도","- 구성비(%): 25~49세",39.8,39.3,38.8,38.4,38
"중위 추계(기본 추계: 출산율-중위 / 기대수명-중위 / 국제이동-중위 / 국내이동-중위)","경기도","- 구성비(%): 50~64세",22.9,23.3,23.8,24.3,24.6
"중위 추계(기본 추계: 출산율-중위 / 기대수명-중위 / 국제이동-중위 / 국내이동-중위)","경기도","고령인구(천명): 65세+",1595,1720,1836,1955,2093
"중위 추계(기본 추계: 출산율-중위 / 기대수명-중위 / 국제이동-중위 / 국내이동-중위)","경기도","고령인구(천명): 65-69세",518,579,646,697,761
"중위 추계(기본 추계: 출산율-중위 / 기대수명-중위 / 국제이동-중위 / 국내이동-중위)","경기도","고령인구(천명): 70세+",1076,1141,1189,1258,1332
"중위 추계(기본 추계: 출산율-중위 / 기대수명-중위 / 국제이동-중위 / 국내이동-중위)","경기도","고령인구(천명): 75세+",680,721,750,802,852
"중위 추계(기본 추계: 출산율-중위 / 기대수명-중위 / 국제이동-중위 / 국내이동-중위)","경기도","고령인구(천명): 80세+",359,390,421,459,495
"중위 추계(기본 추계: 출산율-중위 / 기대수명-중위 / 국제이동-중위 / 국내이동-중위)","경기도","고령인구(천명): 85세+",146,164,181,200,218
"중위 추계(기본 추계: 출산율-중위 / 기대수명-중위 / 국제이동-중위 / 국내이동-중위)","경기도","- 구성비(%): 65세+",12,12.8,13.5,14.3,15.2
"중위 추계(기본 추계: 출산율-중위 / 기대수명-중위 / 국제이동-중위 / 국내이동-중위)","경기도","- 구성비(%): 65-69세",3.9,4.3,4.7,5.1,5.5
"중위 추계(기본 추계: 출산율-중위 / 기대수명-중위 / 국제이동-중위 / 국내이동-중위)","경기도","- 구성비(%): 70세+",8.1,8.5,8.7,9.2,9.7
"중위 추계(기본 추계: 출산율-중위 / 기대수명-중위 / 국제이동-중위 / 국내이동-중위)","경기도","- 구성비(%): 75세+",5.1,5.4,5.5,5.9,6.2
"중위 추계(기본 추계: 출산율-중위 / 기대수명-중위 / 국제이동-중위 / 국내이동-중위)","경기도","- 구성비(%): 80세+",2.7,2.9,3.1,3.4,3.6
"중위 추계(기본 추계: 출산율-중위 / 기대수명-중위 / 국제이동-중위 / 국내이동-중위)","경기도","- 구성비(%): 85세+",1.1,1.2,1.3,1.5,1.6
"중위 추계(기본 추계: 출산율-중위 / 기대수명-중위 / 국제이동-중위 / 국내이동-중위)","경기도","학령인구(천명): 계(6~21세)",2154,2146,2133,2094,2058
"중위 추계(기본 추계: 출산율-중위 / 기대수명-중위 / 국제이동-중위 / 국내이동-중위)","경기도","학령인구(천명): 초등학교(6~11세)",783,777,785,785,764
"중위 추계(기본 추계: 출산율-중위 / 기대수명-중위 / 국제이동-중위 / 국내이동-중위)","경기도","학령인구(천명): 중학교(12~14세)",364,382,391,390,391
"중위 추계(기본 추계: 출산율-중위 / 기대수명-중위 / 국제이동-중위 / 국내이동-중위)","경기도","학령인구(천명): 고등학교(15~17세)",387,376,369,368,384
"중위 추계(기본 추계: 출산율-중위 / 기대수명-중위 / 국제이동-중위 / 국내이동-중위)","경기도","학령인구(천명): 대학교(18~21세)",619,611,588,552,519
"중위 추계(기본 추계: 출산율-중위 / 기대수명-중위 / 국제이동-중위 / 국내이동-중위)","경기도","청소년인구(천명): 9~24세",2279,2287,2262,2218,2181
"중위 추계(기본 추계: 출산율-중위 / 기대수명-중위 / 국제이동-중위 / 국내이동-중위)","경기도","- 구성비(%): 9~24세",17.2,17,16.6,16.2,15.8
"중위 추계(기본 추계: 출산율-중위 / 기대수명-중위 / 국제이동-중위 / 국내이동-중위)","경기도","청년인구(천명): 19~34세",2839,2897,2894,2861,2849
"중위 추계(기본 추계: 출산율-중위 / 기대수명-중위 / 국제이동-중위 / 국내이동-중위)","경기도","- 구성비(%): 19~34세",21.4,21.5,21.3,20.9,20.7
"중위 추계(기본 추계: 출산율-중위 / 기대수명-중위 / 국제이동-중위 / 국내이동-중위)","강원도","생산연령인구(천명): 계(15~64세)",1059,1046,1035,1028,1015
"중위 추계(기본 추계: 출산율-중위 / 기대수명-중위 / 국제이동-중위 / 국내이동-중위)","강원도","생산연령인구(천명): 15~24세",186,174,165,156,150
"중위 추계(기본 추계: 출산율-중위 / 기대수명-중위 / 국제이동-중위 / 국내이동-중위)","강원도","생산연령인구(천명): 25~49세",484,477,471,468,461
"중위 추계(기본 추계: 출산율-중위 / 기대수명-중위 / 국제이동-중위 / 국내이동-중위)","강원도","생산연령인구(천명): 50~64세",390,394,400,403,404
"중위 추계(기본 추계: 출산율-중위 / 기대수명-중위 / 국제이동-중위 / 국내이동-중위)","강원도","- 구성비(%): 15~24세",12.2,11.5,10.8,10.2,9.8
"중위 추계(기본 추계: 출산율-중위 / 기대수명-중위 / 국제이동-중위 / 국내이동-중위)","강원도","- 구성비(%): 25~49세",31.8,31.4,30.9,30.7,30.2
"중위 추계(기본 추계: 출산율-중위 / 기대수명-중위 / 국제이동-중위 / 국내이동-중위)","강원도","- 구성비(%): 50~64세",25.7,26,26.3,26.4,26.5
"중위 추계(기본 추계: 출산율-중위 / 기대수명-중위 / 국제이동-중위 / 국내이동-중위)","강원도","고령인구(천명): 65세+",288,304,319,337,355
"중위 추계(기본 추계: 출산율-중위 / 기대수명-중위 / 국제이동-중위 / 국내이동-중위)","강원도","고령인구(천명): 65-69세",82,93,103,111,121
"중위 추계(기본 추계: 출산율-중위 / 기대수명-중위 / 국제이동-중위 / 국내이동-중위)","강원도","고령인구(천명): 70세+",206,211,216,226,235
"중위 추계(기본 추계: 출산율-중위 / 기대수명-중위 / 국제이동-중위 / 국내이동-중위)","강원도","고령인구(천명): 75세+",138,144,147,153,159
"중위 추계(기본 추계: 출산율-중위 / 기대수명-중위 / 국제이동-중위 / 국내이동-중위)","강원도","고령인구(천명): 80세+",73,78,84,91,96
"중위 추계(기본 추계: 출산율-중위 / 기대수명-중위 / 국제이동-중위 / 국내이동-중위)","강원도","고령인구(천명): 85세+",29,32,35,38,42
"중위 추계(기본 추계: 출산율-중위 / 기대수명-중위 / 국제이동-중위 / 국내이동-중위)","강원도","- 구성비(%): 65세+",18.9,20,21,22.1,23.3
"중위 추계(기본 추계: 출산율-중위 / 기대수명-중위 / 국제이동-중위 / 국내이동-중위)","강원도","- 구성비(%): 65-69세",5.4,6.1,6.8,7.3,7.9
"중위 추계(기본 추계: 출산율-중위 / 기대수명-중위 / 국제이동-중위 / 국내이동-중위)","강원도","- 구성비(%): 70세+",13.6,13.9,14.2,14.8,15.4
"중위 추계(기본 추계: 출산율-중위 / 기대수명-중위 / 국제이동-중위 / 국내이동-중위)","강원도","- 구성비(%): 75세+",9.1,9.5,9.7,10.1,10.5
"중위 추계(기본 추계: 출산율-중위 / 기대수명-중위 / 국제이동-중위 / 국내이동-중위)","강원도","- 구성비(%): 80세+",4.8,5.2,5.5,5.9,6.3
"중위 추계(기본 추계: 출산율-중위 / 기대수명-중위 / 국제이동-중위 / 국내이동-중위)","강원도","- 구성비(%): 85세+",1.9,2.1,2.3,2.5,2.7
"중위 추계(기본 추계: 출산율-중위 / 기대수명-중위 / 국제이동-중위 / 국내이동-중위)","강원도","학령인구(천명): 계(6~21세)",236,226,218,210,202
"중위 추계(기본 추계: 출산율-중위 / 기대수명-중위 / 국제이동-중위 / 국내이동-중위)","강원도","학령인구(천명): 초등학교(6~11세)",75,73,73,72,69
"중위 추계(기본 추계: 출산율-중위 / 기대수명-중위 / 국제이동-중위 / 국내이동-중위)","강원도","학령인구(천명): 중학교(12~14세)",38,38,38,38,38
"중위 추계(기본 추계: 출산율-중위 / 기대수명-중위 / 국제이동-중위 / 국내이동-중위)","강원도","학령인구(천명): 고등학교(15~17세)",43,41,39,38,39
"중위 추계(기본 추계: 출산율-중위 / 기대수명-중위 / 국제이동-중위 / 국내이동-중위)","강원도","학령인구(천명): 대학교(18~21세)",80,73,67,62,57
"중위 추계(기본 추계: 출산율-중위 / 기대수명-중위 / 국제이동-중위 / 국내이동-중위)","강원도","청소년인구(천명): 9~24세",261,250,241,232,224
"중위 추계(기본 추계: 출산율-중위 / 기대수명-중위 / 국제이동-중위 / 국내이동-중위)","강원도","- 구성비(%): 9~24세",17.2,16.5,15.9,15.2,14.7
"중위 추계(기본 추계: 출산율-중위 / 기대수명-중위 / 국제이동-중위 / 국내이동-중위)","강원도","청년인구(천명): 19~34세",287,282,278,275,270
"중위 추계(기본 추계: 출산율-중위 / 기대수명-중위 / 국제이동-중위 / 국내이동-중위)","강원도","- 구성비(%): 19~34세",18.9,18.6,18.3,18,17.7
"중위 추계(기본 추계: 출산율-중위 / 기대수명-중위 / 국제이동-중위 / 국내이동-중위)","충청북도","생산연령인구(천명): 계(15~64세)",1164,1157,1148,1140,1131
"중위 추계(기본 추계: 출산율-중위 / 기대수명-중위 / 국제이동-중위 / 국내이동-중위)","충청북도","생산연령인구(천명): 15~24세",206,197,185,175,168
"중위 추계(기본 추계: 출산율-중위 / 기대수명-중위 / 국제이동-중위 / 국내이동-중위)","충청북도","생산연령인구(천명): 25~49세",566,562,558,555,551
"중위 추계(기본 추계: 출산율-중위 / 기대수명-중위 / 국제이동-중위 / 국내이동-중위)","충청북도","생산연령인구(천명): 50~64세",392,398,406,409,413
"중위 추계(기본 추계: 출산율-중위 / 기대수명-중위 / 국제이동-중위 / 국내이동-중위)","충청북도","- 구성비(%): 15~24세",12.6,12.1,11.3,10.7,10.2
"중위 추계(기본 추계: 출산율-중위 / 기대수명-중위 / 국제이동-중위 / 국내이동-중위)","충청북도","- 구성비(%): 25~49세",34.8,34.5,34.2,34,33.7
"중위 추계(기본 추계: 출산율-중위 / 기대수명-중위 / 국제이동-중위 / 국내이동-중위)","충청북도","- 구성비(%): 50~64세",24,24.4,24.8,25.1,25.2
"중위 추계(기본 추계: 출산율-중위 / 기대수명-중위 / 국제이동-중위 / 국내이동-중위)","충청북도","고령인구(천명): 65세+",264,277,291,307,324
"중위 추계(기본 추계: 출산율-중위 / 기대수명-중위 / 국제이동-중위 / 국내이동-중위)","충청북도","고령인구(천명): 65-69세",79,87,97,103,112
"중위 추계(기본 추계: 출산율-중위 / 기대수명-중위 / 국제이동-중위 / 국내이동-중위)","충청북도","고령인구(천명): 70세+",185,190,194,204,212
"중위 추계(기본 추계: 출산율-중위 / 기대수명-중위 / 국제이동-중위 / 국내이동-중위)","충청북도","고령인구(천명): 75세+",125,129,130,135,140
"중위 추계(기본 추계: 출산율-중위 / 기대수명-중위 / 국제이동-중위 / 국내이동-중위)","충청북도","고령인구(천명): 80세+",68,72,76,82,87
"중위 추계(기본 추계: 출산율-중위 / 기대수명-중위 / 국제이동-중위 / 국내이동-중위)","충청북도","고령인구(천명): 85세+",27,30,33,36,39
"중위 추계(기본 추계: 출산율-중위 / 기대수명-중위 / 국제이동-중위 / 국내이동-중위)","충청북도","- 구성비(%): 65세+",16.2,17,17.8,18.8,19.8
"중위 추계(기본 추계: 출산율-중위 / 기대수명-중위 / 국제이동-중위 / 국내이동-중위)","충청북도","- 구성비(%): 65-69세",4.8,5.3,5.9,6.3,6.8
"중위 추계(기본 추계: 출산율-중위 / 기대수명-중위 / 국제이동-중위 / 국내이동-중위)","충청북도","- 구성비(%): 70세+",11.3,11.6,11.9,12.5,13
"중위 추계(기본 추계: 출산율-중위 / 기대수명-중위 / 국제이동-중위 / 국내이동-중위)","충청북도","- 구성비(%): 75세+",7.7,7.9,8,8.3,8.6
"중위 추계(기본 추계: 출산율-중위 / 기대수명-중위 / 국제이동-중위 / 국내이동-중위)","충청북도","- 구성비(%): 80세+",4.2,4.4,4.7,5,5.3
"중위 추계(기본 추계: 출산율-중위 / 기대수명-중위 / 국제이동-중위 / 국내이동-중위)","충청북도","- 구성비(%): 85세+",1.7,1.8,2,2.2,2.4
"중위 추계(기본 추계: 출산율-중위 / 기대수명-중위 / 국제이동-중위 / 국내이동-중위)","충청북도","학령인구(천명): 계(6~21세)",263,255,247,238,229
"중위 추계(기본 추계: 출산율-중위 / 기대수명-중위 / 국제이동-중위 / 국내이동-중위)","충청북도","학령인구(천명): 초등학교(6~11세)",87,85,85,84,81
"중위 추계(기본 추계: 출산율-중위 / 기대수명-중위 / 국제이동-중위 / 국내이동-중위)","충청북도","학령인구(천명): 중학교(12~14세)",42,43,43,43,43
"중위 추계(기본 추계: 출산율-중위 / 기대수명-중위 / 국제이동-중위 / 국내이동-중위)","충청북도","학령인구(천명): 고등학교(15~17세)",46,44,42,42,43
"중위 추계(기본 추계: 출산율-중위 / 기대수명-중위 / 국제이동-중위 / 국내이동-중위)","충청북도","학령인구(천명): 대학교(18~21세)",89,83,76,69,62
"중위 추계(기본 추계: 출산율-중위 / 기대수명-중위 / 국제이동-중위 / 국내이동-중위)","충청북도","청소년인구(천명): 9~24세",290,283,272,262,253
"중위 추계(기본 추계: 출산율-중위 / 기대수명-중위 / 국제이동-중위 / 국내이동-중위)","충청북도","- 구성비(%): 9~24세",17.8,17.3,16.7,16,15.5
"중위 추계(기본 추계: 출산율-중위 / 기대수명-중위 / 국제이동-중위 / 국내이동-중위)","충청북도","청년인구(천명): 19~34세",342,342,337,331,326
"중위 추계(기본 추계: 출산율-중위 / 기대수명-중위 / 국제이동-중위 / 국내이동-중위)","충청북도","- 구성비(%): 19~34세",21,21,20.6,20.3,19.9
"중위 추계(기본 추계: 출산율-중위 / 기대수명-중위 / 국제이동-중위 / 국내이동-중위)","충청남도","생산연령인구(천명): 계(15~64세)",1533,1510,1499,1493,1490
"중위 추계(기본 추계: 출산율-중위 / 기대수명-중위 / 국제이동-중위 / 국내이동-중위)","충청남도","생산연령인구(천명): 15~24세",267,249,239,229,222
"중위 추계(기본 추계: 출산율-중위 / 기대수명-중위 / 국제이동-중위 / 국내이동-중위)","충청남도","생산연령인구(천명): 25~49세",779,766,754,747,741
"중위 추계(기본 추계: 출산율-중위 / 기대수명-중위 / 국제이동-중위 / 국내이동-중위)","충청남도","생산연령인구(천명): 50~64세",487,494,507,517,526
"중위 추계(기본 추계: 출산율-중위 / 기대수명-중위 / 국제이동-중위 / 국내이동-중위)","충청남도","- 구성비(%): 15~24세",12.2,11.5,11,10.5,10.2
"중위 추계(기본 추계: 출산율-중위 / 기대수명-중위 / 국제이동-중위 / 국내이동-중위)","충청남도","- 구성비(%): 25~49세",35.6,35.2,34.6,34.3,33.9
"중위 추계(기본 추계: 출산율-중위 / 기대수명-중위 / 국제이동-중위 / 국내이동-중위)","충청남도","- 구성비(%): 50~64세",22.3,22.7,23.3,23.7,24.1
"중위 추계(기본 추계: 출산율-중위 / 기대수명-중위 / 국제이동-중위 / 국내이동-중위)","충청남도","고령인구(천명): 65세+",372,390,407,426,445
"중위 추계(기본 추계: 출산율-중위 / 기대수명-중위 / 국제이동-중위 / 국내이동-중위)","충청남도","고령인구(천명): 65-69세",105,113,123,129,139
"중위 추계(기본 추계: 출산율-중위 / 기대수명-중위 / 국제이동-중위 / 국내이동-중위)","충청남도","고령인구(천명): 70세+",267,277,284,296,306
"중위 추계(기본 추계: 출산율-중위 / 기대수명-중위 / 국제이동-중위 / 국내이동-중위)","충청남도","고령인구(천명): 75세+",184,188,190,197,205
"중위 추계(기본 추계: 출산율-중위 / 기대수명-중위 / 국제이동-중위 / 국내이동-중위)","충청남도","고령인구(천명): 80세+",105,110,115,124,130
"중위 추계(기본 추계: 출산율-중위 / 기대수명-중위 / 국제이동-중위 / 국내이동-중위)","충청남도","고령인구(천명): 85세+",43,48,53,58,62
"중위 추계(기본 추계: 출산율-중위 / 기대수명-중위 / 국제이동-중위 / 국내이동-중위)","충청남도","- 구성비(%): 65세+",17,17.9,18.7,19.5,20.4
"중위 추계(기본 추계: 출산율-중위 / 기대수명-중위 / 국제이동-중위 / 국내이동-중위)","충청남도","- 구성비(%): 65-69세",4.8,5.2,5.6,5.9,6.4
"중위 추계(기본 추계: 출산율-중위 / 기대수명-중위 / 국제이동-중위 / 국내이동-중위)","충청남도","- 구성비(%): 70세+",12.2,12.7,13.1,13.6,14
"중위 추계(기본 추계: 출산율-중위 / 기대수명-중위 / 국제이동-중위 / 국내이동-중위)","충청남도","- 구성비(%): 75세+",8.4,8.6,8.7,9,9.4
"중위 추계(기본 추계: 출산율-중위 / 기대수명-중위 / 국제이동-중위 / 국내이동-중위)","충청남도","- 구성비(%): 80세+",4.8,5.1,5.3,5.7,6
"중위 추계(기본 추계: 출산율-중위 / 기대수명-중위 / 국제이동-중위 / 국내이동-중위)","충청남도","- 구성비(%): 85세+",2,2.2,2.4,2.6,2.8
"중위 추계(기본 추계: 출산율-중위 / 기대수명-중위 / 국제이동-중위 / 국내이동-중위)","충청남도","학령인구(천명): 계(6~21세)",360,346,337,327,317
"중위 추계(기본 추계: 출산율-중위 / 기대수명-중위 / 국제이동-중위 / 국내이동-중위)","충청남도","학령인구(천명): 초등학교(6~11세)",123,120,120,118,114
"중위 추계(기본 추계: 출산율-중위 / 기대수명-중위 / 국제이동-중위 / 국내이동-중위)","충청남도","학령인구(천명): 중학교(12~14세)",57,60,61,61,61
"중위 추계(기본 추계: 출산율-중위 / 기대수명-중위 / 국제이동-중위 / 국내이동-중위)","충청남도","학령인구(천명): 고등학교(15~17세)",62,60,58,58,60
"중위 추계(기본 추계: 출산율-중위 / 기대수명-중위 / 국제이동-중위 / 국내이동-중위)","충청남도","학령인구(천명): 대학교(18~21세)",118,106,99,91,83
"중위 추계(기본 추계: 출산율-중위 / 기대수명-중위 / 국제이동-중위 / 국내이동-중위)","충청남도","청소년인구(천명): 9~24세",385,369,361,351,342
"중위 추계(기본 추계: 출산율-중위 / 기대수명-중위 / 국제이동-중위 / 국내이동-중위)","충청남도","- 구성비(%): 9~24세",17.6,17,16.6,16.1,15.7
"중위 추계(기본 추계: 출산율-중위 / 기대수명-중위 / 국제이동-중위 / 국내이동-중위)","충청남도","청년인구(천명): 19~34세",451,437,427,419,413
"중위 추계(기본 추계: 출산율-중위 / 기대수명-중위 / 국제이동-중위 / 국내이동-중위)","충청남도","- 구성비(%): 19~34세",20.6,20.1,19.6,19.2,18.9
"중위 추계(기본 추계: 출산율-중위 / 기대수명-중위 / 국제이동-중위 / 국내이동-중위)","전라북도","생산연령인구(천명): 계(15~64세)",1239,1223,1206,1187,1168
"중위 추계(기본 추계: 출산율-중위 / 기대수명-중위 / 국제이동-중위 / 국내이동-중위)","전라북도","생산연령인구(천명): 15~24세",230,221,209,197,188
"중위 추계(기본 추계: 출산율-중위 / 기대수명-중위 / 국제이동-중위 / 국내이동-중위)","전라북도","생산연령인구(천명): 25~49세",580,569,557,546,534
"중위 추계(기본 추계: 출산율-중위 / 기대수명-중위 / 국제이동-중위 / 국내이동-중위)","전라북도","생산연령인구(천명): 50~64세",429,432,439,444,446
"중위 추계(기본 추계: 출산율-중위 / 기대수명-중위 / 국제이동-중위 / 국내이동-중위)","전라북도","- 구성비(%): 15~24세",12.7,12.3,11.7,11.1,10.6
"중위 추계(기본 추계: 출산율-중위 / 기대수명-중위 / 국제이동-중위 / 국내이동-중위)","전라북도","- 구성비(%): 25~49세",32,31.5,31,30.7,30.2
"중위 추계(기본 추계: 출산율-중위 / 기대수명-중위 / 국제이동-중위 / 국내이동-중위)","전라북도","- 구성비(%): 50~64세",23.7,23.9,24.5,24.9,25.3
"중위 추계(기본 추계: 출산율-중위 / 기대수명-중위 / 국제이동-중위 / 국내이동-중위)","전라북도","고령인구(천명): 65세+",355,372,384,398,413
"중위 추계(기본 추계: 출산율-중위 / 기대수명-중위 / 국제이동-중위 / 국내이동-중위)","전라북도","고령인구(천명): 65-69세",100,105,111,115,123
"중위 추계(기본 추계: 출산율-중위 / 기대수명-중위 / 국제이동-중위 / 국내이동-중위)","전라북도","고령인구(천명): 70세+",255,266,274,283,289
"중위 추계(기본 추계: 출산율-중위 / 기대수명-중위 / 국제이동-중위 / 국내이동-중위)","전라북도","고령인구(천명): 75세+",172,177,180,188,195
"중위 추계(기본 추계: 출산율-중위 / 기대수명-중위 / 국제이동-중위 / 국내이동-중위)","전라북도","고령인구(천명): 80세+",96,102,106,115,121
"중위 추계(기본 추계: 출산율-중위 / 기대수명-중위 / 국제이동-중위 / 국내이동-중위)","전라북도","고령인구(천명): 85세+",40,44,48,52,56
"중위 추계(기본 추계: 출산율-중위 / 기대수명-중위 / 국제이동-중위 / 국내이동-중위)","전라북도","- 구성비(%): 65세+",19.6,20.6,21.4,22.4,23.4
"중위 추계(기본 추계: 출산율-중위 / 기대수명-중위 / 국제이동-중위 / 국내이동-중위)","전라북도","- 구성비(%): 65-69세",5.5,5.8,6.2,6.5,7
"중위 추계(기본 추계: 출산율-중위 / 기대수명-중위 / 국제이동-중위 / 국내이동-중위)","전라북도","- 구성비(%): 70세+",14.1,14.7,15.3,15.9,16.4
"중위 추계(기본 추계: 출산율-중위 / 기대수명-중위 / 국제이동-중위 / 국내이동-중위)","전라북도","- 구성비(%): 75세+",9.5,9.8,10,10.6,11.1
"중위 추계(기본 추계: 출산율-중위 / 기대수명-중위 / 국제이동-중위 / 국내이동-중위)","전라북도","- 구성비(%): 80세+",5.3,5.6,5.9,6.5,6.9
"중위 추계(기본 추계: 출산율-중위 / 기대수명-중위 / 국제이동-중위 / 국내이동-중위)","전라북도","- 구성비(%): 85세+",2.2,2.4,2.7,2.9,3.1
"중위 추계(기본 추계: 출산율-중위 / 기대수명-중위 / 국제이동-중위 / 국내이동-중위)","전라북도","학령인구(천명): 계(6~21세)",298,289,279,266,254
"중위 추계(기본 추계: 출산율-중위 / 기대수명-중위 / 국제이동-중위 / 국내이동-중위)","전라북도","학령인구(천명): 초등학교(6~11세)",96,94,93,91,86
"중위 추계(기본 추계: 출산율-중위 / 기대수명-중위 / 국제이동-중위 / 국내이동-중위)","전라북도","학령인구(천명): 중학교(12~14세)",48,49,49,48,48
"중위 추계(기본 추계: 출산율-중위 / 기대수명-중위 / 국제이동-중위 / 국내이동-중위)","전라북도","학령인구(천명): 고등학교(15~17세)",56,53,50,49,49
"중위 추계(기본 추계: 출산율-중위 / 기대수명-중위 / 국제이동-중위 / 국내이동-중위)","전라북도","학령인구(천명): 대학교(18~21세)",98,94,87,79,71
"중위 추계(기본 추계: 출산율-중위 / 기대수명-중위 / 국제이동-중위 / 국내이동-중위)","전라북도","청소년인구(천명): 9~24세",325,318,307,294,282
"중위 추계(기본 추계: 출산율-중위 / 기대수명-중위 / 국제이동-중위 / 국내이동-중위)","전라북도","- 구성비(%): 9~24세",17.9,17.6,17.1,16.5,15.9
"중위 추계(기본 추계: 출산율-중위 / 기대수명-중위 / 국제이동-중위 / 국내이동-중위)","전라북도","청년인구(천명): 19~34세",343,342,335,327,319
"중위 추계(기본 추계: 출산율-중위 / 기대수명-중위 / 국제이동-중위 / 국내이동-중위)","전라북도","- 구성비(%): 19~34세",18.9,18.9,18.7,18.4,18.1
"중위 추계(기본 추계: 출산율-중위 / 기대수명-중위 / 국제이동-중위 / 국내이동-중위)","전라남도","생산연령인구(천명): 계(15~64세)",1182,1172,1157,1138,1121
"중위 추계(기본 추계: 출산율-중위 / 기대수명-중위 / 국제이동-중위 / 국내이동-중위)","전라남도","생산연령인구(천명): 15~24세",192,184,173,162,157
"중위 추계(기본 추계: 출산율-중위 / 기대수명-중위 / 국제이동-중위 / 국내이동-중위)","전라남도","생산연령인구(천명): 25~49세",553,545,532,518,504
"중위 추계(기본 추계: 출산율-중위 / 기대수명-중위 / 국제이동-중위 / 국내이동-중위)","전라남도","생산연령인구(천명): 50~64세",437,443,453,458,460
"중위 추계(기본 추계: 출산율-중위 / 기대수명-중위 / 국제이동-중위 / 국내이동-중위)","전라남도","- 구성비(%): 15~24세",10.7,10.3,9.7,9.2,8.9
"중위 추계(기본 추계: 출산율-중위 / 기대수명-중위 / 국제이동-중위 / 국내이동-중위)","전라남도","- 구성비(%): 25~49세",30.8,30.4,29.8,29.3,28.7
"중위 추계(기본 추계: 출산율-중위 / 기대수명-중위 / 국제이동-중위 / 국내이동-중위)","전라남도","- 구성비(%): 50~64세",24.4,24.7,25.4,25.9,26.2
"중위 추계(기본 추계: 출산율-중위 / 기대수명-중위 / 국제이동-중위 / 국내이동-중위)","전라남도","고령인구(천명): 65세+",396,410,421,433,447
"중위 추계(기본 추계: 출산율-중위 / 기대수명-중위 / 국제이동-중위 / 국내이동-중위)","전라남도","고령인구(천명): 65-69세",104,109,114,118,127
"중위 추계(기본 추계: 출산율-중위 / 기대수명-중위 / 국제이동-중위 / 국내이동-중위)","전라남도","고령인구(천명): 70세+",292,301,307,315,321
"중위 추계(기본 추계: 출산율-중위 / 기대수명-중위 / 국제이동-중위 / 국내이동-중위)","전라남도","고령인구(천명): 75세+",200,205,207,214,220
"중위 추계(기본 추계: 출산율-중위 / 기대수명-중위 / 국제이동-중위 / 국내이동-중위)","전라남도","고령인구(천명): 80세+",110,117,123,131,138
"중위 추계(기본 추계: 출산율-중위 / 기대수명-중위 / 국제이동-중위 / 국내이동-중위)","전라남도","고령인구(천명): 85세+",45,49,53,57,61
"중위 추계(기본 추계: 출산율-중위 / 기대수명-중위 / 국제이동-중위 / 국내이동-중위)","전라남도","- 구성비(%): 65세+",22.1,22.9,23.6,24.5,25.5
"중위 추계(기본 추계: 출산율-중위 / 기대수명-중위 / 국제이동-중위 / 국내이동-중위)","전라남도","- 구성비(%): 65-69세",5.8,6.1,6.4,6.7,7.2
"중위 추계(기본 추계: 출산율-중위 / 기대수명-중위 / 국제이동-중위 / 국내이동-중위)","전라남도","- 구성비(%): 70세+",16.3,16.8,17.2,17.8,18.2
"중위 추계(기본 추계: 출산율-중위 / 기대수명-중위 / 국제이동-중위 / 국내이동-중위)","전라남도","- 구성비(%): 75세+",11.2,11.4,11.6,12.1,12.5
"중위 추계(기본 추계: 출산율-중위 / 기대수명-중위 / 국제이동-중위 / 국내이동-중위)","전라남도","- 구성비(%): 80세+",6.1,6.5,6.9,7.4,7.9
"중위 추계(기본 추계: 출산율-중위 / 기대수명-중위 / 국제이동-중위 / 국내이동-중위)","전라남도","- 구성비(%): 85세+",2.5,2.7,3,3.2,3.5
"중위 추계(기본 추계: 출산율-중위 / 기대수명-중위 / 국제이동-중위 / 국내이동-중위)","전라남도","학령인구(천명): 계(6~21세)",268,262,255,247,241
"중위 추계(기본 추계: 출산율-중위 / 기대수명-중위 / 국제이동-중위 / 국내이동-중위)","전라남도","학령인구(천명): 초등학교(6~11세)",93,92,91,90,86
"중위 추계(기본 추계: 출산율-중위 / 기대수명-중위 / 국제이동-중위 / 국내이동-중위)","전라남도","학령인구(천명): 중학교(12~14세)",45,46,47,46,46
"중위 추계(기본 추계: 출산율-중위 / 기대수명-중위 / 국제이동-중위 / 국내이동-중위)","전라남도","학령인구(천명): 고등학교(15~17세)",53,49,47,45,46
"중위 추계(기본 추계: 출산율-중위 / 기대수명-중위 / 국제이동-중위 / 국내이동-중위)","전라남도","학령인구(천명): 대학교(18~21세)",78,74,70,65,63
"중위 추계(기본 추계: 출산율-중위 / 기대수명-중위 / 국제이동-중위 / 국내이동-중위)","전라남도","청소년인구(천명): 9~24세",282,277,267,257,250
"중위 추계(기본 추계: 출산율-중위 / 기대수명-중위 / 국제이동-중위 / 국내이동-중위)","전라남도","- 구성비(%): 9~24세",15.7,15.4,15,14.5,14.2
"중위 추계(기본 추계: 출산율-중위 / 기대수명-중위 / 국제이동-중위 / 국내이동-중위)","전라남도","청년인구(천명): 19~34세",300,300,289,278,271
"중위 추계(기본 추계: 출산율-중위 / 기대수명-중위 / 국제이동-중위 / 국내이동-중위)","전라남도","- 구성비(%): 19~34세",16.7,16.7,16.2,15.7,15.4
"중위 추계(기본 추계: 출산율-중위 / 기대수명-중위 / 국제이동-중위 / 국내이동-중위)","경상북도","생산연령인구(천명): 계(15~64세)",1835,1801,1776,1747,1723
"중위 추계(기본 추계: 출산율-중위 / 기대수명-중위 / 국제이동-중위 / 국내이동-중위)","경상북도","생산연령인구(천명): 15~24세",302,285,269,253,244
"중위 추계(기본 추계: 출산율-중위 / 기대수명-중위 / 국제이동-중위 / 국내이동-중위)","경상북도","생산연령인구(천명): 25~49세",869,845,826,810,791
"중위 추계(기본 추계: 출산율-중위 / 기대수명-중위 / 국제이동-중위 / 국내이동-중위)","경상북도","생산연령인구(천명): 50~64세",664,671,680,685,688
"중위 추계(기본 추계: 출산율-중위 / 기대수명-중위 / 국제이동-중위 / 국내이동-중위)","경상북도","- 구성비(%): 15~24세",11.3,10.7,10.2,9.6,9.3
"중위 추계(기본 추계: 출산율-중위 / 기대수명-중위 / 국제이동-중위 / 국내이동-중위)","경상북도","- 구성비(%): 25~49세",32.5,31.9,31.3,30.8,30.2
"중위 추계(기본 추계: 출산율-중위 / 기대수명-중위 / 국제이동-중위 / 국내이동-중위)","경상북도","- 구성비(%): 50~64세",24.9,25.3,25.8,26,26.3
"중위 추계(기본 추계: 출산율-중위 / 기대수명-중위 / 국제이동-중위 / 국내이동-중위)","경상북도","고령인구(천명): 65세+",527,551,574,600,625
"중위 추계(기본 추계: 출산율-중위 / 기대수명-중위 / 국제이동-중위 / 국내이동-중위)","경상북도","고령인구(천명): 65-69세",157,167,181,190,198
"중위 추계(기본 추계: 출산율-중위 / 기대수명-중위 / 국제이동-중위 / 국내이동-중위)","경상북도","고령인구(천명): 70세+",371,383,393,410,427
"중위 추계(기본 추계: 출산율-중위 / 기대수명-중위 / 국제이동-중위 / 국내이동-중위)","경상북도","고령인구(천명): 75세+",254,259,259,268,278
"중위 추계(기본 추계: 출산율-중위 / 기대수명-중위 / 국제이동-중위 / 국내이동-중위)","경상북도","고령인구(천명): 80세+",139,148,156,166,176
"중위 추계(기본 추계: 출산율-중위 / 기대수명-중위 / 국제이동-중위 / 국내이동-중위)","경상북도","고령인구(천명): 85세+",56,62,68,74,79
"중위 추계(기본 추계: 출산율-중위 / 기대수명-중위 / 국제이동-중위 / 국내이동-중위)","경상북도","- 구성비(%): 65세+",19.7,20.8,21.7,22.8,23.9
"중위 추계(기본 추계: 출산율-중위 / 기대수명-중위 / 국제이동-중위 / 국내이동-중위)","경상북도","- 구성비(%): 65-69세",5.9,6.3,6.9,7.2,7.5
"중위 추계(기본 추계: 출산율-중위 / 기대수명-중위 / 국제이동-중위 / 국내이동-중위)","경상북도","- 구성비(%): 70세+",13.9,14.5,14.9,15.6,16.3
"중위 추계(기본 추계: 출산율-중위 / 기대수명-중위 / 국제이동-중위 / 국내이동-중위)","경상북도","- 구성비(%): 75세+",9.5,9.8,9.8,10.2,10.6
"중위 추계(기본 추계: 출산율-중위 / 기대수명-중위 / 국제이동-중위 / 국내이동-중위)","경상북도","- 구성비(%): 80세+",5.2,5.6,5.9,6.3,6.7
"중위 추계(기본 추계: 출산율-중위 / 기대수명-중위 / 국제이동-중위 / 국내이동-중위)","경상북도","- 구성비(%): 85세+",2.1,2.3,2.6,2.8,3
"중위 추계(기본 추계: 출산율-중위 / 기대수명-중위 / 국제이동-중위 / 국내이동-중위)","경상북도","학령인구(천명): 계(6~21세)",397,382,372,358,346
"중위 추계(기본 추계: 출산율-중위 / 기대수명-중위 / 국제이동-중위 / 국내이동-중위)","경상북도","학령인구(천명): 초등학교(6~11세)",132,130,129,128,123
"중위 추계(기본 추계: 출산율-중위 / 기대수명-중위 / 국제이동-중위 / 국내이동-중위)","경상북도","학령인구(천명): 중학교(12~14세)",63,65,65,64,64
"중위 추계(기본 추계: 출산율-중위 / 기대수명-중위 / 국제이동-중위 / 국내이동-중위)","경상북도","학령인구(천명): 고등학교(15~17세)",72,68,66,64,66
"중위 추계(기본 추계: 출산율-중위 / 기대수명-중위 / 국제이동-중위 / 국내이동-중위)","경상북도","학령인구(천명): 대학교(18~21세)",131,120,112,101,93
"중위 추계(기본 추계: 출산율-중위 / 기대수명-중위 / 국제이동-중위 / 국내이동-중위)","경상북도","청소년인구(천명): 9~24세",429,414,400,384,373
"중위 추계(기본 추계: 출산율-중위 / 기대수명-중위 / 국제이동-중위 / 국내이동-중위)","경상북도","- 구성비(%): 9~24세",16.1,15.6,15.1,14.6,14.2
"중위 추계(기본 추계: 출산율-중위 / 기대수명-중위 / 국제이동-중위 / 국내이동-중위)","경상북도","청년인구(천명): 19~34세",495,481,467,451,439
"중위 추계(기본 추계: 출산율-중위 / 기대수명-중위 / 국제이동-중위 / 국내이동-중위)","경상북도","- 구성비(%): 19~34세",18.5,18.1,17.7,17.1,16.8
"중위 추계(기본 추계: 출산율-중위 / 기대수명-중위 / 국제이동-중위 / 국내이동-중위)","경상남도","생산연령인구(천명): 계(15~64세)",2381,2351,2313,2270,2242
"중위 추계(기본 추계: 출산율-중위 / 기대수명-중위 / 국제이동-중위 / 국내이동-중위)","경상남도","생산연령인구(천명): 15~24세",365,351,331,312,304
"중위 추계(기본 추계: 출산율-중위 / 기대수명-중위 / 국제이동-중위 / 국내이동-중위)","경상남도","생산연령인구(천명): 25~49세",1198,1169,1135,1102,1073
"중위 추계(기본 추계: 출산율-중위 / 기대수명-중위 / 국제이동-중위 / 국내이동-중위)","경상남도","생산연령인구(천명): 50~64세",818,832,847,857,865
"중위 추계(기본 추계: 출산율-중위 / 기대수명-중위 / 국제이동-중위 / 국내이동-중위)","경상남도","- 구성비(%): 15~24세",10.9,10.5,10,9.5,9.3
"중위 추계(기본 추계: 출산율-중위 / 기대수명-중위 / 국제이동-중위 / 국내이동-중위)","경상남도","- 구성비(%): 25~49세",35.8,35,34.2,33.5,32.8
"중위 추계(기본 추계: 출산율-중위 / 기대수명-중위 / 국제이동-중위 / 국내이동-중위)","경상남도","- 구성비(%): 50~64세",24.4,24.9,25.5,26,26.4
"중위 추계(기본 추계: 출산율-중위 / 기대수명-중위 / 국제이동-중위 / 국내이동-중위)","경상남도","고령인구(천명): 65세+",524,556,586,617,651
"중위 추계(기본 추계: 출산율-중위 / 기대수명-중위 / 국제이동-중위 / 국내이동-중위)","경상남도","고령인구(천명): 65-69세",165,181,197,210,225
"중위 추계(기본 추계: 출산율-중위 / 기대수명-중위 / 국제이동-중위 / 국내이동-중위)","경상남도","고령인구(천명): 70세+",359,375,388,407,426
"중위 추계(기본 추계: 출산율-중위 / 기대수명-중위 / 국제이동-중위 / 국내이동-중위)","경상남도","고령인구(천명): 75세+",235,244,246,258,271
"중위 추계(기본 추계: 출산율-중위 / 기대수명-중위 / 국제이동-중위 / 국내이동-중위)","경상남도","고령인구(천명): 80세+",127,135,144,154,163
"중위 추계(기본 추계: 출산율-중위 / 기대수명-중위 / 국제이동-중위 / 국내이동-중위)","경상남도","고령인구(천명): 85세+",52,56,62,68,72
"중위 추계(기본 추계: 출산율-중위 / 기대수명-중위 / 국제이동-중위 / 국내이동-중위)","경상남도","- 구성비(%): 65세+",15.6,16.6,17.7,18.8,19.9
"중위 추계(기본 추계: 출산율-중위 / 기대수명-중위 / 국제이동-중위 / 국내이동-중위)","경상남도","- 구성비(%): 65-69세",4.9,5.4,5.9,6.4,6.9
"중위 추계(기본 추계: 출산율-중위 / 기대수명-중위 / 국제이동-중위 / 국내이동-중위)","경상남도","- 구성비(%): 70세+",10.7,11.2,11.7,12.4,13
"중위 추계(기본 추계: 출산율-중위 / 기대수명-중위 / 국제이동-중위 / 국내이동-중위)","경상남도","- 구성비(%): 75세+",7,7.3,7.4,7.8,8.3
"중위 추계(기본 추계: 출산율-중위 / 기대수명-중위 / 국제이동-중위 / 국내이동-중위)","경상남도","- 구성비(%): 80세+",3.8,4.1,4.3,4.7,5
"중위 추계(기본 추계: 출산율-중위 / 기대수명-중위 / 국제이동-중위 / 국내이동-중위)","경상남도","- 구성비(%): 85세+",1.5,1.7,1.9,2.1,2.2
"중위 추계(기본 추계: 출산율-중위 / 기대수명-중위 / 국제이동-중위 / 국내이동-중위)","경상남도","학령인구(천명): 계(6~21세)",529,519,509,495,486
"중위 추계(기본 추계: 출산율-중위 / 기대수명-중위 / 국제이동-중위 / 국내이동-중위)","경상남도","학령인구(천명): 초등학교(6~11세)",195,192,190,188,180
"중위 추계(기본 추계: 출산율-중위 / 기대수명-중위 / 국제이동-중위 / 국내이동-중위)","경상남도","학령인구(천명): 중학교(12~14세)",90,94,96,96,95
"중위 추계(기본 추계: 출산율-중위 / 기대수명-중위 / 국제이동-중위 / 국내이동-중위)","경상남도","학령인구(천명): 고등학교(15~17세)",98,94,91,90,93
"중위 추계(기본 추계: 출산율-중위 / 기대수명-중위 / 국제이동-중위 / 국내이동-중위)","경상남도","학령인구(천명): 대학교(18~21세)",146,140,132,122,118
"중위 추계(기본 추계: 출산율-중위 / 기대수명-중위 / 국제이동-중위 / 국내이동-중위)","경상남도","청소년인구(천명): 9~24세",551,541,525,505,495
"중위 추계(기본 추계: 출산율-중위 / 기대수명-중위 / 국제이동-중위 / 국내이동-중위)","경상남도","- 구성비(%): 9~24세",16.4,16.2,15.8,15.4,15.1
"중위 추계(기본 추계: 출산율-중위 / 기대수명-중위 / 국제이동-중위 / 국내이동-중위)","경상남도","청년인구(천명): 19~34세",624,612,584,556,541
"중위 추계(기본 추계: 출산율-중위 / 기대수명-중위 / 국제이동-중위 / 국내이동-중위)","경상남도","- 구성비(%): 19~34세",18.6,18.3,17.6,16.9,16.5
"중위 추계(기본 추계: 출산율-중위 / 기대수명-중위 / 국제이동-중위 / 국내이동-중위)","제주특별자치도","생산연령인구(천명): 계(15~64세)",471,471,471,471,472
"중위 추계(기본 추계: 출산율-중위 / 기대수명-중위 / 국제이동-중위 / 국내이동-중위)","제주특별자치도","생산연령인구(천명): 15~24세",75,74,71,68,67
"중위 추계(기본 추계: 출산율-중위 / 기대수명-중위 / 국제이동-중위 / 국내이동-중위)","제주특별자치도","생산연령인구(천명): 25~49세",246,244,242,240,238
"중위 추계(기본 추계: 출산율-중위 / 기대수명-중위 / 국제이동-중위 / 국내이동-중위)","제주특별자치도","생산연령인구(천명): 50~64세",149,153,158,162,166
"중위 추계(기본 추계: 출산율-중위 / 기대수명-중위 / 국제이동-중위 / 국내이동-중위)","제주특별자치도","- 구성비(%): 15~24세",11.4,11.1,10.6,10.1,9.9
"중위 추계(기본 추계: 출산율-중위 / 기대수명-중위 / 국제이동-중위 / 국내이동-중위)","제주특별자치도","- 구성비(%): 25~49세",37.1,36.5,36,35.5,35
"중위 추계(기본 추계: 출산율-중위 / 기대수명-중위 / 국제이동-중위 / 국내이동-중위)","제주특별자치도","- 구성비(%): 50~64세",22.4,22.9,23.4,24,24.5
"중위 추계(기본 추계: 출산율-중위 / 기대수명-중위 / 국제이동-중위 / 국내이동-중위)","제주특별자치도","고령인구(천명): 65세+",96,101,106,112,117
"중위 추계(기본 추계: 출산율-중위 / 기대수명-중위 / 국제이동-중위 / 국내이동-중위)","제주특별자치도","고령인구(천명): 65-69세",27,30,33,35,38
"중위 추계(기본 추계: 출산율-중위 / 기대수명-중위 / 국제이동-중위 / 국내이동-중위)","제주특별자치도","고령인구(천명): 70세+",68,71,73,76,79
"중위 추계(기본 추계: 출산율-중위 / 기대수명-중위 / 국제이동-중위 / 국내이동-중위)","제주특별자치도","고령인구(천명): 75세+",45,46,48,51,53
"중위 추계(기본 추계: 출산율-중위 / 기대수명-중위 / 국제이동-중위 / 국내이동-중위)","제주특별자치도","고령인구(천명): 80세+",25,27,28,30,32
"중위 추계(기본 추계: 출산율-중위 / 기대수명-중위 / 국제이동-중위 / 국내이동-중위)","제주특별자치도","고령인구(천명): 85세+",11,12,13,14,15
"중위 추계(기본 추계: 출산율-중위 / 기대수명-중위 / 국제이동-중위 / 국내이동-중위)","제주특별자치도","- 구성비(%): 65세+",14.4,15.1,15.8,16.5,17.2
"중위 추계(기본 추계: 출산율-중위 / 기대수명-중위 / 국제이동-중위 / 국내이동-중위)","제주특별자치도","- 구성비(%): 65-69세",4.1,4.5,4.9,5.2,5.6
"중위 추계(기본 추계: 출산율-중위 / 기대수명-중위 / 국제이동-중위 / 국내이동-중위)","제주특별자치도","- 구성비(%): 70세+",10.3,10.6,10.9,11.3,11.6
"중위 추계(기본 추계: 출산율-중위 / 기대수명-중위 / 국제이동-중위 / 국내이동-중위)","제주특별자치도","- 구성비(%): 75세+",6.7,6.9,7.2,7.5,7.8
"중위 추계(기본 추계: 출산율-중위 / 기대수명-중위 / 국제이동-중위 / 국내이동-중위)","제주특별자치도","- 구성비(%): 80세+",3.8,4,4.2,4.5,4.7
"중위 추계(기본 추계: 출산율-중위 / 기대수명-중위 / 국제이동-중위 / 국내이동-중위)","제주특별자치도","- 구성비(%): 85세+",1.7,1.8,2,2.1,2.2
"중위 추계(기본 추계: 출산율-중위 / 기대수명-중위 / 국제이동-중위 / 국내이동-중위)","제주특별자치도","학령인구(천명): 계(6~21세)",113,112,112,111,111
"중위 추계(기본 추계: 출산율-중위 / 기대수명-중위 / 국제이동-중위 / 국내이동-중위)","제주특별자치도","학령인구(천명): 초등학교(6~11세)",42,42,43,43,43
"중위 추계(기본 추계: 출산율-중위 / 기대수명-중위 / 국제이동-중위 / 국내이동-중위)","제주특별자치도","학령인구(천명): 중학교(12~14세)",20,21,21,21,21
"중위 추계(기본 추계: 출산율-중위 / 기대수명-중위 / 국제이동-중위 / 국내이동-중위)","제주특별자치도","학령인구(천명): 고등학교(15~17세)",21,20,20,20,20
"중위 추계(기본 추계: 출산율-중위 / 기대수명-중위 / 국제이동-중위 / 국내이동-중위)","제주특별자치도","학령인구(천명): 대학교(18~21세)",30,29,28,26,26
"중위 추계(기본 추계: 출산율-중위 / 기대수명-중위 / 국제이동-중위 / 국내이동-중위)","제주특별자치도","청소년인구(천명): 9~24세",116,116,114,112,111
"중위 추계(기본 추계: 출산율-중위 / 기대수명-중위 / 국제이동-중위 / 국내이동-중위)","제주특별자치도","- 구성비(%): 9~24세",17.5,17.3,17,16.6,16.3
"중위 추계(기본 추계: 출산율-중위 / 기대수명-중위 / 국제이동-중위 / 국내이동-중위)","제주특별자치도","청년인구(천명): 19~34세",129,129,127,124,123
"중위 추계(기본 추계: 출산율-중위 / 기대수명-중위 / 국제이동-중위 / 국내이동-중위)","제주특별자치도","- 구성비(%): 19~34세",19.4,19.3,18.8,18.3,18.1
