"시나리오별(1)","시도별(1)","인구구조, 부양비별(1)",2019,2020,2021,2022,2023
"중위 추계(기본 추계: 출산율-중위 / 기대수명-중위 / 국제이동-중위 / 국내이동-중위)","전국","총인구(명)",51764822,51836239,51744876,51628117,51558034
"중위 추계(기본 추계: 출산율-중위 / 기대수명-중위 / 국제이동-중위 / 국내이동-중위)","전국","남자(명)",25948706,25925697,25857805,25790370,25749708
"중위 추계(기본 추계: 출산율-중위 / 기대수명-중위 / 국제이동-중위 / 국내이동-중위)","전국","여자(명)",25816116,25910542,25887071,25837747,25808326
"중위 추계(기본 추계: 출산율-중위 / 기대수명-중위 / 국제이동-중위 / 국내이동-중위)","전국","성비(여자1백명당)",100.5,100.1,99.9,99.8,99.8
"중위 추계(기본 추계: 출산율-중위 / 기대수명-중위 / 국제이동-중위 / 국내이동-중위)","전국","인구성장률(%)",0.35,0.14,-0.18,-0.23,-0.14
"중위 추계(기본 추계: 출산율-중위 / 기대수명-중위 / 국제이동-중위 / 국내이동-중위)","전국","인구구성비(%)",100,100,100,100,100
"중위 추계(기본 추계: 출산율-중위 / 기대수명-중위 / 국제이동-중위 / 국내이동-중위)","전국","인구(명): 0-14세",6448080,6305870,6143634,5934472,5686017
"중위 추계(기본 추계: 출산율-중위 / 기대수명-중위 / 국제이동-중위 / 국내이동-중위)","전국","인구(명): 15-64세",37627748,37378502,37029895,36675233,36372084
"중위 추계(기본 추계: 출산율-중위 / 기대수명-중위 / 국제이동-중위 / 국내이동-중위)","전국","인구(명): 65세 이상",7688994,8151867,8571347,9018412,9499933
"중위 추계(기본 추계: 출산율-중위 / 기대수명-중위 / 국제이동-중위 / 국내이동-중위)","전국","- 구성비(%): 0-14세",12.5,12.2,11.9,11.5,11
"중위 추계(기본 추계: 출산율-중위 / 기대수명-중위 / 국제이동-중위 / 국내이동-중위)","전국","- 구성비(%): 15-64세",72.7,72.1,71.6,71,70.5
"중위 추계(기본 추계: 출산율-중위 / 기대수명-중위 / 국제이동-중위 / 국내이동-중위)","전국","- 구성비(%): 65세 이상",14.9,15.7,16.6,17.5,18.4
"중위 추계(기본 추계: 출산율-중위 / 기대수명-중위 / 국제이동-중위 / 국내이동-중위)","전국","총부양비",37.6,38.7,39.7,40.8,41.8
"중위 추계(기본 추계: 출산율-중위 / 기대수명-중위 / 국제이동-중위 / 국내이동-중위)","전국","유소년부양비",17.1,16.9,16.6,16.2,15.6
"중위 추계(기본 추계: 출산율-중위 / 기대수명-중위 / 국제이동-중위 / 국내이동-중위)","전국","노년부양비",20.4,21.8,23.1,24.6,26.1
"중위 추계(기본 추계: 출산율-중위 / 기대수명-중위 / 국제이동-중위 / 국내이동-중위)","전국","노령화지수",119.2,129.3,139.5,152,167.1
"중위 추계(기본 추계: 출산율-중위 / 기대수명-중위 / 국제이동-중위 / 국내이동-중위)","전국","중위연령(세)",43.1,43.7,44.3,45,45.6
"중위 추계(기본 추계: 출산율-중위 / 기대수명-중위 / 국제이동-중위 / 국내이동-중위)","전국","중위연령(세)-남자",41.7,42.3,43,43.6,44.2
"중위 추계(기본 추계: 출산율-중위 / 기대수명-중위 / 국제이동-중위 / 국내이동-중위)","전국","중위연령(세)-여자",44.5,45.1,45.8,46.5,47.1
"중위 추계(기본 추계: 출산율-중위 / 기대수명-중위 / 국제이동-중위 / 국내이동-중위)","서울특별시","총인구(명)",9657296,9617795,9501528,9411443,9338274
"중위 추계(기본 추계: 출산율-중위 / 기대수명-중위 / 국제이동-중위 / 국내이동-중위)","서울특별시","남자(명)",4703424,4666345,4597665,4546159,4503704
"중위 추계(기본 추계: 출산율-중위 / 기대수명-중위 / 국제이동-중위 / 국내이동-중위)","서울특별시","여자(명)",4953872,4951450,4903863,4865284,4834570
"중위 추계(기본 추계: 출산율-중위 / 기대수명-중위 / 국제이동-중위 / 국내이동-중위)","서울특별시","성비(여자1백명당)",94.9,94.2,93.8,93.4,93.2
"중위 추계(기본 추계: 출산율-중위 / 기대수명-중위 / 국제이동-중위 / 국내이동-중위)","서울특별시","인구성장률(%)",-0.41,-0.41,-1.22,-0.95,-0.78
"중위 추계(기본 추계: 출산율-중위 / 기대수명-중위 / 국제이동-중위 / 국내이동-중위)","서울특별시","인구구성비(%)",18.7,18.6,18.4,18.2,18.1
"중위 추계(기본 추계: 출산율-중위 / 기대수명-중위 / 국제이동-중위 / 국내이동-중위)","서울특별시","인구(명): 0-14세",1019746,988598,946139,900188,849811
"중위 추계(기본 추계: 출산율-중위 / 기대수명-중위 / 국제이동-중위 / 국내이동-중위)","서울특별시","인구(명): 15-64세",7240054,7152445,7009750,6894986,6796610
"중위 추계(기본 추계: 출산율-중위 / 기대수명-중위 / 국제이동-중위 / 국내이동-중위)","서울특별시","인구(명): 65세 이상",1397496,1476752,1545639,1616269,1691853
"중위 추계(기본 추계: 출산율-중위 / 기대수명-중위 / 국제이동-중위 / 국내이동-중위)","서울특별시","- 구성비(%): 0-14세",10.6,10.3,10,9.6,9.1
"중위 추계(기본 추계: 출산율-중위 / 기대수명-중위 / 국제이동-중위 / 국내이동-중위)","서울특별시","- 구성비(%): 15-64세",75,74.4,73.8,73.3,72.8
"중위 추계(기본 추계: 출산율-중위 / 기대수명-중위 / 국제이동-중위 / 국내이동-중위)","서울특별시","- 구성비(%): 65세 이상",14.5,15.4,16.3,17.2,18.1
"중위 추계(기본 추계: 출산율-중위 / 기대수명-중위 / 국제이동-중위 / 국내이동-중위)","서울특별시","총부양비",33.4,34.5,35.5,36.5,37.4
"중위 추계(기본 추계: 출산율-중위 / 기대수명-중위 / 국제이동-중위 / 국내이동-중위)","서울특별시","유소년부양비",14.1,13.8,13.5,13.1,12.5
"중위 추계(기본 추계: 출산율-중위 / 기대수명-중위 / 국제이동-중위 / 국내이동-중위)","서울특별시","노년부양비",19.3,20.6,22,23.4,24.9
"중위 추계(기본 추계: 출산율-중위 / 기대수명-중위 / 국제이동-중위 / 국내이동-중위)","서울특별시","노령화지수",137,149.4,163.4,179.5,199.1
"중위 추계(기본 추계: 출산율-중위 / 기대수명-중위 / 국제이동-중위 / 국내이동-중위)","서울특별시","중위연령(세)",42.4,42.8,43.3,43.8,44.3
"중위 추계(기본 추계: 출산율-중위 / 기대수명-중위 / 국제이동-중위 / 국내이동-중위)","서울특별시","중위연령(세)-남자",41.5,41.9,42.5,43,43.6
"중위 추계(기본 추계: 출산율-중위 / 기대수명-중위 / 국제이동-중위 / 국내이동-중위)","서울특별시","중위연령(세)-여자",43.3,43.6,44.1,44.6,45.1
"중위 추계(기본 추계: 출산율-중위 / 기대수명-중위 / 국제이동-중위 / 국내이동-중위)","부산광역시","총인구(명)",3381208,3355632,3327350,3299396,3268954
"중위 추계(기본 추계: 출산율-중위 / 기대수명-중위 / 국제이동-중위 / 국내이동-중위)","부산광역시","남자(명)",1660469,1642998,1626129,1610038,1593084
"중위 추계(기본 추계: 출산율-중위 / 기대수명-중위 / 국제이동-중위 / 국내이동-중위)","부산광역시","여자(명)",1720739,1712634,1701221,1689358,1675870
"중위 추계(기본 추계: 출산율-중위 / 기대수명-중위 / 국제이동-중위 / 국내이동-중위)","부산광역시","성비(여자1백명당)",96.5,95.9,95.6,95.3,95.1
"중위 추계(기본 추계: 출산율-중위 / 기대수명-중위 / 국제이동-중위 / 국내이동-중위)","부산광역시","인구성장률(%)",-0.65,-0.76,-0.85,-0.84,-0.93
"중위 추계(기본 추계: 출산율-중위 / 기대수명-중위 / 국제이동-중위 / 국내이동-중위)","부산광역시","인구구성비(%)",6.5,6.5,6.4,6.4,6.3
"중위 추계(기본 추계: 출산율-중위 / 기대수명-중위 / 국제이동-중위 / 국내이동-중위)","부산광역시","인구(명): 0-14세",368313,359166,350437,339129,324458
"중위 추계(기본 추계: 출산율-중위 / 기대수명-중위 / 국제이동-중위 / 국내이동-중위)","부산광역시","인구(명): 15-64세",2420405,2368201,2317499,2268120,2219499
"중위 추계(기본 추계: 출산율-중위 / 기대수명-중위 / 국제이동-중위 / 국내이동-중위)","부산광역시","인구(명): 65세 이상",592490,628265,659414,692147,724997
"중위 추계(기본 추계: 출산율-중위 / 기대수명-중위 / 국제이동-중위 / 국내이동-중위)","부산광역시","- 구성비(%): 0-14세",10.9,10.7,10.5,10.3,9.9
"중위 추계(기본 추계: 출산율-중위 / 기대수명-중위 / 국제이동-중위 / 국내이동-중위)","부산광역시","- 구성비(%): 15-64세",71.6,70.6,69.6,68.7,67.9
"중위 추계(기본 추계: 출산율-중위 / 기대수명-중위 / 국제이동-중위 / 국내이동-중위)","부산광역시","- 구성비(%): 65세 이상",17.5,18.7,19.8,21,22.2
"중위 추계(기본 추계: 출산율-중위 / 기대수명-중위 / 국제이동-중위 / 국내이동-중위)","부산광역시","총부양비",39.7,41.7,43.6,45.5,47.3
"중위 추계(기본 추계: 출산율-중위 / 기대수명-중위 / 국제이동-중위 / 국내이동-중위)","부산광역시","유소년부양비",15.2,15.2,15.1,15,14.6
"중위 추계(기본 추계: 출산율-중위 / 기대수명-중위 / 국제이동-중위 / 국내이동-중위)","부산광역시","노년부양비",24.5,26.5,28.5,30.5,32.7
"중위 추계(기본 추계: 출산율-중위 / 기대수명-중위 / 국제이동-중위 / 국내이동-중위)","부산광역시","노령화지수",160.9,174.9,188.2,204.1,223.4
"중위 추계(기본 추계: 출산율-중위 / 기대수명-중위 / 국제이동-중위 / 국내이동-중위)","부산광역시","중위연령(세)",45.6,46.3,46.9,47.6,48.3
"중위 추계(기본 추계: 출산율-중위 / 기대수명-중위 / 국제이동-중위 / 국내이동-중위)","부산광역시","중위연령(세)-남자",43.8,44.5,45.1,45.7,46.3
"중위 추계(기본 추계: 출산율-중위 / 기대수명-중위 / 국제이동-중위 / 국내이동-중위)","부산광역시","중위연령(세)-여자",47.2,47.9,48.6,49.3,50
"중위 추계(기본 추계: 출산율-중위 / 기대수명-중위 / 국제이동-중위 / 국내이동-중위)","대구광역시","총인구(명)",2436776,2414262,2387631,2363420,2340758
"중위 추계(기본 추계: 출산율-중위 / 기대수명-중위 / 국제이동-중위 / 국내이동-중위)","대구광역시","남자(명)",1207640,1192479,1177271,1163913,1151403
"중위 추계(기본 추계: 출산율-중위 / 기대수명-중위 / 국제이동-중위 / 국내이동-중위)","대구광역시","여자(명)",1229136,1221783,1210360,1199507,1189355
"중위 추계(기본 추계: 출산율-중위 / 기대수명-중위 / 국제이동-중위 / 국내이동-중위)","대구광역시","성비(여자1백명당)",98.3,97.6,97.3,97,96.8
"중위 추계(기본 추계: 출산율-중위 / 기대수명-중위 / 국제이동-중위 / 국내이동-중위)","대구광역시","인구성장률(%)",-0.49,-0.93,-1.11,-1.02,-0.96
"중위 추계(기본 추계: 출산율-중위 / 기대수명-중위 / 국제이동-중위 / 국내이동-중위)","대구광역시","인구구성비(%)",4.7,4.7,4.6,4.6,4.5
"중위 추계(기본 추계: 출산율-중위 / 기대수명-중위 / 국제이동-중위 / 국내이동-중위)","대구광역시","인구(명): 0-14세",295486,285835,276135,266091,253629
"중위 추계(기본 추계: 출산율-중위 / 기대수명-중위 / 국제이동-중위 / 국내이동-중위)","대구광역시","인구(명): 15-64세",1773204,1740268,1704914,1671216,1641800
"중위 추계(기본 추계: 출산율-중위 / 기대수명-중위 / 국제이동-중위 / 국내이동-중위)","대구광역시","인구(명): 65세 이상",368086,388159,406582,426113,445329
"중위 추계(기본 추계: 출산율-중위 / 기대수명-중위 / 국제이동-중위 / 국내이동-중위)","대구광역시","- 구성비(%): 0-14세",12.1,11.8,11.6,11.3,10.8
"중위 추계(기본 추계: 출산율-중위 / 기대수명-중위 / 국제이동-중위 / 국내이동-중위)","대구광역시","- 구성비(%): 15-64세",72.8,72.1,71.4,70.7,70.1
"중위 추계(기본 추계: 출산율-중위 / 기대수명-중위 / 국제이동-중위 / 국내이동-중위)","대구광역시","- 구성비(%): 65세 이상",15.1,16.1,17,18,19
"중위 추계(기본 추계: 출산율-중위 / 기대수명-중위 / 국제이동-중위 / 국내이동-중위)","대구광역시","총부양비",37.4,38.7,40,41.4,42.6
"중위 추계(기본 추계: 출산율-중위 / 기대수명-중위 / 국제이동-중위 / 국내이동-중위)","대구광역시","유소년부양비",16.7,16.4,16.2,15.9,15.4
"중위 추계(기본 추계: 출산율-중위 / 기대수명-중위 / 국제이동-중위 / 국내이동-중위)","대구광역시","노년부양비",20.8,22.3,23.8,25.5,27.1
"중위 추계(기본 추계: 출산율-중위 / 기대수명-중위 / 국제이동-중위 / 국내이동-중위)","대구광역시","노령화지수",124.6,135.8,147.2,160.1,175.6
"중위 추계(기본 추계: 출산율-중위 / 기대수명-중위 / 국제이동-중위 / 국내이동-중위)","대구광역시","중위연령(세)",44.1,44.8,45.5,46.2,46.9
"중위 추계(기본 추계: 출산율-중위 / 기대수명-중위 / 국제이동-중위 / 국내이동-중위)","대구광역시","중위연령(세)-남자",42.2,43,43.6,44.3,44.9
"중위 추계(기본 추계: 출산율-중위 / 기대수명-중위 / 국제이동-중위 / 국내이동-중위)","대구광역시","중위연령(세)-여자",45.7,46.4,47.2,47.9,48.7
"중위 추계(기본 추계: 출산율-중위 / 기대수명-중위 / 국제이동-중위 / 국내이동-중위)","인천광역시","총인구(명)",2952200,2951065,2940927,2960685,2959571
"중위 추계(기본 추계: 출산율-중위 / 기대수명-중위 / 국제이동-중위 / 국내이동-중위)","인천광역시","남자(명)",1484864,1480370,1473943,1483547,1482623
"중위 추계(기본 추계: 출산율-중위 / 기대수명-중위 / 국제이동-중위 / 국내이동-중위)","인천광역시","여자(명)",1467336,1470695,1466984,1477138,1476948
"중위 추계(기본 추계: 출산율-중위 / 기대수명-중위 / 국제이동-중위 / 국내이동-중위)","인천광역시","성비(여자1백명당)",101.2,100.7,100.5,100.4,100.4
"중위 추계(기본 추계: 출산율-중위 / 기대수명-중위 / 국제이동-중위 / 국내이동-중위)","인천광역시","인구성장률(%)",0.56,-0.04,-0.34,0.67,-0.04
"중위 추계(기본 추계: 출산율-중위 / 기대수명-중위 / 국제이동-중위 / 국내이동-중위)","인천광역시","인구구성비(%)",5.7,5.7,5.7,5.7,5.7
"중위 추계(기본 추계: 출산율-중위 / 기대수명-중위 / 국제이동-중위 / 국내이동-중위)","인천광역시","인구(명): 0-14세",378738,368246,357259,348378,332804
"중위 추계(기본 추계: 출산율-중위 / 기대수명-중위 / 국제이동-중위 / 국내이동-중위)","인천광역시","인구(명): 15-64세",2202462,2185137,2161024,2161222,2144921
"중위 추계(기본 추계: 출산율-중위 / 기대수명-중위 / 국제이동-중위 / 국내이동-중위)","인천광역시","인구(명): 65세 이상",371000,397682,422644,451085,481846
"중위 추계(기본 추계: 출산율-중위 / 기대수명-중위 / 국제이동-중위 / 국내이동-중위)","인천광역시","- 구성비(%): 0-14세",12.8,12.5,12.1,11.8,11.2
"중위 추계(기본 추계: 출산율-중위 / 기대수명-중위 / 국제이동-중위 / 국내이동-중위)","인천광역시","- 구성비(%): 15-64세",74.6,74,73.5,73,72.5
"중위 추계(기본 추계: 출산율-중위 / 기대수명-중위 / 국제이동-중위 / 국내이동-중위)","인천광역시","- 구성비(%): 65세 이상",12.6,13.5,14.4,15.2,16.3
"중위 추계(기본 추계: 출산율-중위 / 기대수명-중위 / 국제이동-중위 / 국내이동-중위)","인천광역시","총부양비",34,35.1,36.1,37,38
"중위 추계(기본 추계: 출산율-중위 / 기대수명-중위 / 국제이동-중위 / 국내이동-중위)","인천광역시","유소년부양비",17.2,16.9,16.5,16.1,15.5
"중위 추계(기본 추계: 출산율-중위 / 기대수명-중위 / 국제이동-중위 / 국내이동-중위)","인천광역시","노년부양비",16.8,18.2,19.6,20.9,22.5
"중위 추계(기본 추계: 출산율-중위 / 기대수명-중위 / 국제이동-중위 / 국내이동-중위)","인천광역시","노령화지수",98,108,118.3,129.5,144.8
"중위 추계(기본 추계: 출산율-중위 / 기대수명-중위 / 국제이동-중위 / 국내이동-중위)","인천광역시","중위연령(세)",42.2,42.9,43.6,44.2,44.8
"중위 추계(기본 추계: 출산율-중위 / 기대수명-중위 / 국제이동-중위 / 국내이동-중위)","인천광역시","중위연령(세)-남자",41.1,41.7,42.4,43,43.7
"중위 추계(기본 추계: 출산율-중위 / 기대수명-중위 / 국제이동-중위 / 국내이동-중위)","인천광역시","중위연령(세)-여자",43.5,44.1,44.8,45.4,46.1
"중위 추계(기본 추계: 출산율-중위 / 기대수명-중위 / 국제이동-중위 / 국내이동-중위)","광주광역시","총인구(명)",1489142,1479550,1468912,1463411,1455617
"중위 추계(기본 추계: 출산율-중위 / 기대수명-중위 / 국제이동-중위 / 국내이동-중위)","광주광역시","남자(명)",741181,735215,729281,726060,722134
"중위 추계(기본 추계: 출산율-중위 / 기대수명-중위 / 국제이동-중위 / 국내이동-중위)","광주광역시","여자(명)",747961,744335,739631,737351,733483
"중위 추계(기본 추계: 출산율-중위 / 기대수명-중위 / 국제이동-중위 / 국내이동-중위)","광주광역시","성비(여자1백명당)",99.1,98.8,98.6,98.5,98.5
"중위 추계(기본 추계: 출산율-중위 / 기대수명-중위 / 국제이동-중위 / 국내이동-중위)","광주광역시","인구성장률(%)",0.05,-0.65,-0.72,-0.38,-0.53
"중위 추계(기본 추계: 출산율-중위 / 기대수명-중위 / 국제이동-중위 / 국내이동-중위)","광주광역시","인구구성비(%)",2.9,2.9,2.8,2.8,2.8
"중위 추계(기본 추계: 출산율-중위 / 기대수명-중위 / 국제이동-중위 / 국내이동-중위)","광주광역시","인구(명): 0-14세",202516,196858,190713,184095,176020
"중위 추계(기본 추계: 출산율-중위 / 기대수명-중위 / 국제이동-중위 / 국내이동-중위)","광주광역시","인구(명): 15-64세",1093329,1078262,1065185,1056483,1045242
"중위 추계(기본 추계: 출산율-중위 / 기대수명-중위 / 국제이동-중위 / 국내이동-중위)","광주광역시","인구(명): 65세 이상",193297,204430,213014,222833,234355
"중위 추계(기본 추계: 출산율-중위 / 기대수명-중위 / 국제이동-중위 / 국내이동-중위)","광주광역시","- 구성비(%): 0-14세",13.6,13.3,13,12.6,12.1
"중위 추계(기본 추계: 출산율-중위 / 기대수명-중위 / 국제이동-중위 / 국내이동-중위)","광주광역시","- 구성비(%): 15-64세",73.4,72.9,72.5,72.2,71.8
"중위 추계(기본 추계: 출산율-중위 / 기대수명-중위 / 국제이동-중위 / 국내이동-중위)","광주광역시","- 구성비(%): 65세 이상",13,13.8,14.5,15.2,16.1
"중위 추계(기본 추계: 출산율-중위 / 기대수명-중위 / 국제이동-중위 / 국내이동-중위)","광주광역시","총부양비",36.2,37.2,37.9,38.5,39.3
"중위 추계(기본 추계: 출산율-중위 / 기대수명-중위 / 국제이동-중위 / 국내이동-중위)","광주광역시","유소년부양비",18.5,18.3,17.9,17.4,16.8
"중위 추계(기본 추계: 출산율-중위 / 기대수명-중위 / 국제이동-중위 / 국내이동-중위)","광주광역시","노년부양비",17.7,19,20,21.1,22.4
"중위 추계(기본 추계: 출산율-중위 / 기대수명-중위 / 국제이동-중위 / 국내이동-중위)","광주광역시","노령화지수",95.4,103.8,111.7,121,133.1
"중위 추계(기본 추계: 출산율-중위 / 기대수명-중위 / 국제이동-중위 / 국내이동-중위)","광주광역시","중위연령(세)",41.1,41.9,42.5,43.2,43.9
"중위 추계(기본 추계: 출산율-중위 / 기대수명-중위 / 국제이동-중위 / 국내이동-중위)","광주광역시","중위연령(세)-남자",39.9,40.6,41.3,42,42.6
"중위 추계(기본 추계: 출산율-중위 / 기대수명-중위 / 국제이동-중위 / 국내이동-중위)","광주광역시","중위연령(세)-여자",42.3,43.1,43.8,44.4,45.1
"중위 추계(기본 추계: 출산율-중위 / 기대수명-중위 / 국제이동-중위 / 국내이동-중위)","대전광역시","총인구(명)",1503212,1491876,1478831,1471563,1460398
"중위 추계(기본 추계: 출산율-중위 / 기대수명-중위 / 국제이동-중위 / 국내이동-중위)","대전광역시","남자(명)",753904,746190,739286,735394,729693
"중위 추계(기본 추계: 출산율-중위 / 기대수명-중위 / 국제이동-중위 / 국내이동-중위)","대전광역시","여자(명)",749308,745686,739545,736169,730705
"중위 추계(기본 추계: 출산율-중위 / 기대수명-중위 / 국제이동-중위 / 국내이동-중위)","대전광역시","성비(여자1백명당)",100.6,100.1,100,99.9,99.9
"중위 추계(기본 추계: 출산율-중위 / 기대수명-중위 / 국제이동-중위 / 국내이동-중위)","대전광역시","인구성장률(%)",-0.66,-0.76,-0.88,-0.49,-0.76
"중위 추계(기본 추계: 출산율-중위 / 기대수명-중위 / 국제이동-중위 / 국내이동-중위)","대전광역시","인구구성비(%)",2.9,2.9,2.9,2.9,2.8
"중위 추계(기본 추계: 출산율-중위 / 기대수명-중위 / 국제이동-중위 / 국내이동-중위)","대전광역시","인구(명): 0-14세",193786,186182,178743,172002,163382
"중위 추계(기본 추계: 출산율-중위 / 기대수명-중위 / 국제이동-중위 / 국내이동-중위)","대전광역시","인구(명): 15-64세",1115961,1099781,1083278,1070859,1056053
"중위 추계(기본 추계: 출산율-중위 / 기대수명-중위 / 국제이동-중위 / 국내이동-중위)","대전광역시","인구(명): 65세 이상",193465,205913,216810,228702,240963
"중위 추계(기본 추계: 출산율-중위 / 기대수명-중위 / 국제이동-중위 / 국내이동-중위)","대전광역시","- 구성비(%): 0-14세",12.9,12.5,12.1,11.7,11.2
"중위 추계(기본 추계: 출산율-중위 / 기대수명-중위 / 국제이동-중위 / 국내이동-중위)","대전광역시","- 구성비(%): 15-64세",74.2,73.7,73.3,72.8,72.3
"중위 추계(기본 추계: 출산율-중위 / 기대수명-중위 / 국제이동-중위 / 국내이동-중위)","대전광역시","- 구성비(%): 65세 이상",12.9,13.8,14.7,15.5,16.5
"중위 추계(기본 추계: 출산율-중위 / 기대수명-중위 / 국제이동-중위 / 국내이동-중위)","대전광역시","총부양비",34.7,35.7,36.5,37.4,38.3
"중위 추계(기본 추계: 출산율-중위 / 기대수명-중위 / 국제이동-중위 / 국내이동-중위)","대전광역시","유소년부양비",17.4,16.9,16.5,16.1,15.5
"중위 추계(기본 추계: 출산율-중위 / 기대수명-중위 / 국제이동-중위 / 국내이동-중위)","대전광역시","노년부양비",17.3,18.7,20,21.4,22.8
"중위 추계(기본 추계: 출산율-중위 / 기대수명-중위 / 국제이동-중위 / 국내이동-중위)","대전광역시","노령화지수",99.8,110.6,121.3,133,147.5
"중위 추계(기본 추계: 출산율-중위 / 기대수명-중위 / 국제이동-중위 / 국내이동-중위)","대전광역시","중위연령(세)",41.1,41.8,42.4,43,43.7
"중위 추계(기본 추계: 출산율-중위 / 기대수명-중위 / 국제이동-중위 / 국내이동-중위)","대전광역시","중위연령(세)-남자",39.7,40.4,41,41.6,42.2
"중위 추계(기본 추계: 출산율-중위 / 기대수명-중위 / 국제이동-중위 / 국내이동-중위)","대전광역시","중위연령(세)-여자",42.6,43.2,43.9,44.5,45.2
"중위 추계(기본 추계: 출산율-중위 / 기대수명-중위 / 국제이동-중위 / 국내이동-중위)","울산광역시","총인구(명)",1145761,1139069,1123676,1112807,1103113
"중위 추계(기본 추계: 출산율-중위 / 기대수명-중위 / 국제이동-중위 / 국내이동-중위)","울산광역시","남자(명)",593106,587960,579881,574138,568951
"중위 추계(기본 추계: 출산율-중위 / 기대수명-중위 / 국제이동-중위 / 국내이동-중위)","울산광역시","여자(명)",552655,551109,543795,538669,534162
"중위 추계(기본 추계: 출산율-중위 / 기대수명-중위 / 국제이동-중위 / 국내이동-중위)","울산광역시","성비(여자1백명당)",107.3,106.7,106.6,106.6,106.5
"중위 추계(기본 추계: 출산율-중위 / 기대수명-중위 / 국제이동-중위 / 국내이동-중위)","울산광역시","인구성장률(%)",-0.61,-0.59,-1.36,-0.97,-0.87
"중위 추계(기본 추계: 출산율-중위 / 기대수명-중위 / 국제이동-중위 / 국내이동-중위)","울산광역시","인구구성비(%)",2.2,2.2,2.2,2.2,2.1
"중위 추계(기본 추계: 출산율-중위 / 기대수명-중위 / 국제이동-중위 / 국내이동-중위)","울산광역시","인구(명): 0-14세",160134,155952,150482,144456,137751
"중위 추계(기본 추계: 출산율-중위 / 기대수명-중위 / 국제이동-중위 / 국내이동-중위)","울산광역시","인구(명): 15-64세",858486,845476,825837,810177,795816
"중위 추계(기본 추계: 출산율-중위 / 기대수명-중위 / 국제이동-중위 / 국내이동-중위)","울산광역시","인구(명): 65세 이상",127141,137641,147357,158174,169546
"중위 추계(기본 추계: 출산율-중위 / 기대수명-중위 / 국제이동-중위 / 국내이동-중위)","울산광역시","- 구성비(%): 0-14세",14,13.7,13.4,13,12.5
"중위 추계(기본 추계: 출산율-중위 / 기대수명-중위 / 국제이동-중위 / 국내이동-중위)","울산광역시","- 구성비(%): 15-64세",74.9,74.2,73.5,72.8,72.1
"중위 추계(기본 추계: 출산율-중위 / 기대수명-중위 / 국제이동-중위 / 국내이동-중위)","울산광역시","- 구성비(%): 65세 이상",11.1,12.1,13.1,14.2,15.4
"중위 추계(기본 추계: 출산율-중위 / 기대수명-중위 / 국제이동-중위 / 국내이동-중위)","울산광역시","총부양비",33.5,34.7,36.1,37.4,38.6
"중위 추계(기본 추계: 출산율-중위 / 기대수명-중위 / 국제이동-중위 / 국내이동-중위)","울산광역시","유소년부양비",18.7,18.4,18.2,17.8,17.3
"중위 추계(기본 추계: 출산율-중위 / 기대수명-중위 / 국제이동-중위 / 국내이동-중위)","울산광역시","노년부양비",14.8,16.3,17.8,19.5,21.3
"중위 추계(기본 추계: 출산율-중위 / 기대수명-중위 / 국제이동-중위 / 국내이동-중위)","울산광역시","노령화지수",79.4,88.3,97.9,109.5,123.1
"중위 추계(기본 추계: 출산율-중위 / 기대수명-중위 / 국제이동-중위 / 국내이동-중위)","울산광역시","중위연령(세)",42.1,42.8,43.7,44.6,45.4
"중위 추계(기본 추계: 출산율-중위 / 기대수명-중위 / 국제이동-중위 / 국내이동-중위)","울산광역시","중위연령(세)-남자",40.7,41.4,42.3,43.1,43.9
"중위 추계(기본 추계: 출산율-중위 / 기대수명-중위 / 국제이동-중위 / 국내이동-중위)","울산광역시","중위연령(세)-여자",43.7,44.4,45.3,46.2,47
"중위 추계(기본 추계: 출산율-중위 / 기대수명-중위 / 국제이동-중위 / 국내이동-중위)","세종특별자치시","총인구(명)",329422,348302,366165,382760,392129
"중위 추계(기본 추계: 출산율-중위 / 기대수명-중위 / 국제이동-중위 / 국내이동-중위)","세종특별자치시","남자(명)",165825,175036,184137,192295,196890
"중위 추계(기본 추계: 출산율-중위 / 기대수명-중위 / 국제이동-중위 / 국내이동-중위)","세종특별자치시","여자(명)",163597,173266,182028,190465,195239
"중위 추계(기본 추계: 출산율-중위 / 기대수명-중위 / 국제이동-중위 / 국내이동-중위)","세종특별자치시","성비(여자1백명당)",101.4,101,101.2,101,100.8
"중위 추계(기본 추계: 출산율-중위 / 기대수명-중위 / 국제이동-중위 / 국내이동-중위)","세종특별자치시","인구성장률(%)",8.61,5.57,5,4.43,2.42
"중위 추계(기본 추계: 출산율-중위 / 기대수명-중위 / 국제이동-중위 / 국내이동-중위)","세종특별자치시","인구구성비(%)",0.6,0.7,0.7,0.7,0.8
"중위 추계(기본 추계: 출산율-중위 / 기대수명-중위 / 국제이동-중위 / 국내이동-중위)","세종특별자치시","인구(명): 0-14세",66081,69271,71180,72933,72865
"중위 추계(기본 추계: 출산율-중위 / 기대수명-중위 / 국제이동-중위 / 국내이동-중위)","세종특별자치시","인구(명): 15-64세",233963,246980,259869,271932,278481
"중위 추계(기본 추계: 출산율-중위 / 기대수명-중위 / 국제이동-중위 / 국내이동-중위)","세종특별자치시","인구(명): 65세 이상",29378,32051,35116,37895,40783
"중위 추계(기본 추계: 출산율-중위 / 기대수명-중위 / 국제이동-중위 / 국내이동-중위)","세종특별자치시","- 구성비(%): 0-14세",20.1,19.9,19.4,19.1,18.6
"중위 추계(기본 추계: 출산율-중위 / 기대수명-중위 / 국제이동-중위 / 국내이동-중위)","세종특별자치시","- 구성비(%): 15-64세",71,70.9,71,71,71
"중위 추계(기본 추계: 출산율-중위 / 기대수명-중위 / 국제이동-중위 / 국내이동-중위)","세종특별자치시","- 구성비(%): 65세 이상",8.9,9.2,9.6,9.9,10.4
"중위 추계(기본 추계: 출산율-중위 / 기대수명-중위 / 국제이동-중위 / 국내이동-중위)","세종특별자치시","총부양비",40.8,41,40.9,40.8,40.8
"중위 추계(기본 추계: 출산율-중위 / 기대수명-중위 / 국제이동-중위 / 국내이동-중위)","세종특별자치시","유소년부양비",28.2,28,27.4,26.8,26.2
"중위 추계(기본 추계: 출산율-중위 / 기대수명-중위 / 국제이동-중위 / 국내이동-중위)","세종특별자치시","노년부양비",12.6,13,13.5,13.9,14.6
"중위 추계(기본 추계: 출산율-중위 / 기대수명-중위 / 국제이동-중위 / 국내이동-중위)","세종특별자치시","노령화지수",44.5,46.3,49.3,52,56
"중위 추계(기본 추계: 출산율-중위 / 기대수명-중위 / 국제이동-중위 / 국내이동-중위)","세종특별자치시","중위연령(세)",37.3,37.8,38.3,38.8,39.3
"중위 추계(기본 추계: 출산율-중위 / 기대수명-중위 / 국제이동-중위 / 국내이동-중위)","세종특별자치시","중위연령(세)-남자",37.1,37.5,38,38.4,38.9
"중위 추계(기본 추계: 출산율-중위 / 기대수명-중위 / 국제이동-중위 / 국내이동-중위)","세종특별자치시","중위연령(세)-여자",37.6,38.1,38.6,39.2,39.7
"중위 추계(기본 추계: 출산율-중위 / 기대수명-중위 / 국제이동-중위 / 국내이동-중위)","경기도","총인구(명)",13241253,13452422,13611628,13680911,13794753
"중위 추계(기본 추계: 출산율-중위 / 기대수명-중위 / 국제이동-중위 / 국내이동-중위)","경기도","남자(명)",6710022,6799985,6876540,6911143,6968783
"중위 추계(기본 추계: 출산율-중위 / 기대수명-중위 / 국제이동-중위 / 국내이동-중위)","경기도","여자(명)",6531231,6652437,6735088,6769768,6825970
"중위 추계(기본 추계: 출산율-중위 / 기대수명-중위 / 국제이동-중위 / 국내이동-중위)","경기도","성비(여자1백명당)",102.7,102.2,102.1,102.1,102.1
"중위 추계(기본 추계: 출산율-중위 / 기대수명-중위 / 국제이동-중위 / 국내이동-중위)","경기도","인구성장률(%)",1.63,1.58,1.18,0.51,0.83
"중위 추계(기본 추계: 출산율-중위 / 기대수명-중위 / 국제이동-중위 / 국내이동-중위)","경기도","인구구성비(%)",25.6,26,26.3,26.5,26.8
"중위 추계(기본 추계: 출산율-중위 / 기대수명-중위 / 국제이동-중위 / 국내이동-중위)","경기도","인구(명): 0-14세",1819800,1801058,1778540,1728250,1670585
"중위 추계(기본 추계: 출산율-중위 / 기대수명-중위 / 국제이동-중위 / 국내이동-중위)","경기도","인구(명): 15-64세",9826846,9931085,9997458,9997256,10031612
"중위 추계(기본 추계: 출산율-중위 / 기대수명-중위 / 국제이동-중위 / 국내이동-중위)","경기도","인구(명): 65세 이상",1594607,1720279,1835630,1955405,2092556
"중위 추계(기본 추계: 출산율-중위 / 기대수명-중위 / 국제이동-중위 / 국내이동-중위)","경기도","- 구성비(%): 0-14세",13.7,13.4,13.1,12.6,12.1
"중위 추계(기본 추계: 출산율-중위 / 기대수명-중위 / 국제이동-중위 / 국내이동-중위)","경기도","- 구성비(%): 15-64세",74.2,73.8,73.4,73.1,72.7
"중위 추계(기본 추계: 출산율-중위 / 기대수명-중위 / 국제이동-중위 / 국내이동-중위)","경기도","- 구성비(%): 65세 이상",12,12.8,13.5,14.3,15.2
"중위 추계(기본 추계: 출산율-중위 / 기대수명-중위 / 국제이동-중위 / 국내이동-중위)","경기도","총부양비",34.7,35.5,36.2,36.8,37.5
"중위 추계(기본 추계: 출산율-중위 / 기대수명-중위 / 국제이동-중위 / 국내이동-중위)","경기도","유소년부양비",18.5,18.1,17.8,17.3,16.7
"중위 추계(기본 추계: 출산율-중위 / 기대수명-중위 / 국제이동-중위 / 국내이동-중위)","경기도","노년부양비",16.2,17.3,18.4,19.6,20.9
"중위 추계(기본 추계: 출산율-중위 / 기대수명-중위 / 국제이동-중위 / 국내이동-중위)","경기도","노령화지수",87.6,95.5,103.2,113.1,125.3
"중위 추계(기본 추계: 출산율-중위 / 기대수명-중위 / 국제이동-중위 / 국내이동-중위)","경기도","중위연령(세)",41.4,41.9,42.4,43.1,43.7
"중위 추계(기본 추계: 출산율-중위 / 기대수명-중위 / 국제이동-중위 / 국내이동-중위)","경기도","중위연령(세)-남자",40.4,40.8,41.4,42.1,42.7
"중위 추계(기본 추계: 출산율-중위 / 기대수명-중위 / 국제이동-중위 / 국내이동-중위)","경기도","중위연령(세)-여자",42.5,43,43.5,44.2,44.8
"중위 추계(기본 추계: 출산율-중위 / 기대수명-중위 / 국제이동-중위 / 국내이동-중위)","강원도","총인구(명)",1520117,1519291,1520457,1525912,1525292
"중위 추계(기본 추계: 출산율-중위 / 기대수명-중위 / 국제이동-중위 / 국내이동-중위)","강원도","남자(명)",767673,766322,766814,769441,768895
"중위 추계(기본 추계: 출산율-중위 / 기대수명-중위 / 국제이동-중위 / 국내이동-중위)","강원도","여자(명)",752444,752969,753643,756471,756397
"중위 추계(기본 추계: 출산율-중위 / 기대수명-중위 / 국제이동-중위 / 국내이동-중위)","강원도","성비(여자1백명당)",102,101.8,101.7,101.7,101.7
"중위 추계(기본 추계: 출산율-중위 / 기대수명-중위 / 국제이동-중위 / 국내이동-중위)","강원도","인구성장률(%)",-0.09,-0.05,0.08,0.36,-0.04
"중위 추계(기본 추계: 출산율-중위 / 기대수명-중위 / 국제이동-중위 / 국내이동-중위)","강원도","인구구성비(%)",2.9,2.9,2.9,3,3
"중위 추계(기본 추계: 출산율-중위 / 기대수명-중위 / 국제이동-중위 / 국내이동-중위)","강원도","인구(명): 0-14세",173008,169502,165937,161418,155131
"중위 추계(기본 추계: 출산율-중위 / 기대수명-중위 / 국제이동-중위 / 국내이동-중위)","강원도","인구(명): 15-64세",1059171,1045682,1035329,1027762,1014738
"중위 추계(기본 추계: 출산율-중위 / 기대수명-중위 / 국제이동-중위 / 국내이동-중위)","강원도","인구(명): 65세 이상",287938,304107,319191,336732,355423
"중위 추계(기본 추계: 출산율-중위 / 기대수명-중위 / 국제이동-중위 / 국내이동-중위)","강원도","- 구성비(%): 0-14세",11.4,11.2,10.9,10.6,10.2
"중위 추계(기본 추계: 출산율-중위 / 기대수명-중위 / 국제이동-중위 / 국내이동-중위)","강원도","- 구성비(%): 15-64세",69.7,68.8,68.1,67.4,66.5
"중위 추계(기본 추계: 출산율-중위 / 기대수명-중위 / 국제이동-중위 / 국내이동-중위)","강원도","- 구성비(%): 65세 이상",18.9,20,21,22.1,23.3
"중위 추계(기본 추계: 출산율-중위 / 기대수명-중위 / 국제이동-중위 / 국내이동-중위)","강원도","총부양비",43.5,45.3,46.9,48.5,50.3
"중위 추계(기본 추계: 출산율-중위 / 기대수명-중위 / 국제이동-중위 / 국내이동-중위)","강원도","유소년부양비",16.3,16.2,16,15.7,15.3
"중위 추계(기본 추계: 출산율-중위 / 기대수명-중위 / 국제이동-중위 / 국내이동-중위)","강원도","노년부양비",27.2,29.1,30.8,32.8,35
"중위 추계(기본 추계: 출산율-중위 / 기대수명-중위 / 국제이동-중위 / 국내이동-중위)","강원도","노령화지수",166.4,179.4,192.4,208.6,229.1
"중위 추계(기본 추계: 출산율-중위 / 기대수명-중위 / 국제이동-중위 / 국내이동-중위)","강원도","중위연령(세)",46.7,47.6,48.3,49.1,49.9
"중위 추계(기본 추계: 출산율-중위 / 기대수명-중위 / 국제이동-중위 / 국내이동-중위)","강원도","중위연령(세)-남자",45,45.9,46.7,47.4,48.2
"중위 추계(기본 추계: 출산율-중위 / 기대수명-중위 / 국제이동-중위 / 국내이동-중위)","강원도","중위연령(세)-여자",48.5,49.3,50.1,50.8,51.6
"중위 추계(기본 추계: 출산율-중위 / 기대수명-중위 / 국제이동-중위 / 국내이동-중위)","충청북도","총인구(명)",1629249,1630839,1632358,1633687,1635672
"중위 추계(기본 추계: 출산율-중위 / 기대수명-중위 / 국제이동-중위 / 국내이동-중위)","충청북도","남자(명)",832115,833130,833810,835274,836993
"중위 추계(기본 추계: 출산율-중위 / 기대수명-중위 / 국제이동-중위 / 국내이동-중위)","충청북도","여자(명)",797134,797709,798548,798413,798679
"중위 추계(기본 추계: 출산율-중위 / 기대수명-중위 / 국제이동-중위 / 국내이동-중위)","충청북도","성비(여자1백명당)",104.4,104.4,104.4,104.6,104.8
"중위 추계(기본 추계: 출산율-중위 / 기대수명-중위 / 국제이동-중위 / 국내이동-중위)","충청북도","인구성장률(%)",0.69,0.1,0.09,0.08,0.12
"중위 추계(기본 추계: 출산율-중위 / 기대수명-중위 / 국제이동-중위 / 국내이동-중위)","충청북도","인구구성비(%)",3.1,3.1,3.2,3.2,3.2
"중위 추계(기본 추계: 출산율-중위 / 기대수명-중위 / 국제이동-중위 / 국내이동-중위)","충청북도","인구(명): 0-14세",202014,197250,193001,186870,180017
"중위 추계(기본 추계: 출산율-중위 / 기대수명-중위 / 국제이동-중위 / 국내이동-중위)","충청북도","인구(명): 15-64세",1163652,1156682,1148261,1139523,1131272
"중위 추계(기본 추계: 출산율-중위 / 기대수명-중위 / 국제이동-중위 / 국내이동-중위)","충청북도","인구(명): 65세 이상",263583,276907,291096,307294,324383
"중위 추계(기본 추계: 출산율-중위 / 기대수명-중위 / 국제이동-중위 / 국내이동-중위)","충청북도","- 구성비(%): 0-14세",12.4,12.1,11.8,11.4,11
"중위 추계(기본 추계: 출산율-중위 / 기대수명-중위 / 국제이동-중위 / 국내이동-중위)","충청북도","- 구성비(%): 15-64세",71.4,70.9,70.3,69.8,69.2
"중위 추계(기본 추계: 출산율-중위 / 기대수명-중위 / 국제이동-중위 / 국내이동-중위)","충청북도","- 구성비(%): 65세 이상",16.2,17,17.8,18.8,19.8
"중위 추계(기본 추계: 출산율-중위 / 기대수명-중위 / 국제이동-중위 / 국내이동-중위)","충청북도","총부양비",40,41,42.2,43.4,44.6
"중위 추계(기본 추계: 출산율-중위 / 기대수명-중위 / 국제이동-중위 / 국내이동-중위)","충청북도","유소년부양비",17.4,17.1,16.8,16.4,15.9
"중위 추계(기본 추계: 출산율-중위 / 기대수명-중위 / 국제이동-중위 / 국내이동-중위)","충청북도","노년부양비",22.7,23.9,25.4,27,28.7
"중위 추계(기본 추계: 출산율-중위 / 기대수명-중위 / 국제이동-중위 / 국내이동-중위)","충청북도","노령화지수",130.5,140.4,150.8,164.4,180.2
"중위 추계(기본 추계: 출산율-중위 / 기대수명-중위 / 국제이동-중위 / 국내이동-중위)","충청북도","중위연령(세)",43.9,44.5,45.3,46,46.7
"중위 추계(기본 추계: 출산율-중위 / 기대수명-중위 / 국제이동-중위 / 국내이동-중위)","충청북도","중위연령(세)-남자",42,42.6,43.3,44,44.7
"중위 추계(기본 추계: 출산율-중위 / 기대수명-중위 / 국제이동-중위 / 국내이동-중위)","충청북도","중위연령(세)-여자",45.7,46.4,47.2,48,48.7
"중위 추계(기본 추계: 출산율-중위 / 기대수명-중위 / 국제이동-중위 / 국내이동-중위)","충청남도","총인구(명)",2189132,2176641,2176548,2180086,2186023
"중위 추계(기본 추계: 출산율-중위 / 기대수명-중위 / 국제이동-중위 / 국내이동-중위)","충청남도","남자(명)",1124672,1117283,1117862,1120927,1125339
"중위 추계(기본 추계: 출산율-중위 / 기대수명-중위 / 국제이동-중위 / 국내이동-중위)","충청남도","여자(명)",1064460,1059358,1058686,1059159,1060684
"중위 추계(기본 추계: 출산율-중위 / 기대수명-중위 / 국제이동-중위 / 국내이동-중위)","충청남도","성비(여자1백명당)",105.7,105.5,105.6,105.8,106.1
"중위 추계(기본 추계: 출산율-중위 / 기대수명-중위 / 국제이동-중위 / 국내이동-중위)","충청남도","인구성장률(%)",0.55,-0.57,0,0.16,0.27
"중위 추계(기본 추계: 출산율-중위 / 기대수명-중위 / 국제이동-중위 / 국내이동-중위)","충청남도","인구구성비(%)",4.2,4.2,4.2,4.2,4.2
"중위 추계(기본 추계: 출산율-중위 / 기대수명-중위 / 국제이동-중위 / 국내이동-중위)","충청남도","인구(명): 0-14세",284097,277170,270243,261449,251526
"중위 추계(기본 추계: 출산율-중위 / 기대수명-중위 / 국제이동-중위 / 국내이동-중위)","충청남도","인구(명): 15-64세",1533372,1509639,1499175,1493078,1489548
"중위 추계(기본 추계: 출산율-중위 / 기대수명-중위 / 국제이동-중위 / 국내이동-중위)","충청남도","인구(명): 65세 이상",371663,389832,407130,425559,444949
"중위 추계(기본 추계: 출산율-중위 / 기대수명-중위 / 국제이동-중위 / 국내이동-중위)","충청남도","- 구성비(%): 0-14세",13,12.7,12.4,12,11.5
"중위 추계(기본 추계: 출산율-중위 / 기대수명-중위 / 국제이동-중위 / 국내이동-중위)","충청남도","- 구성비(%): 15-64세",70,69.4,68.9,68.5,68.1
"중위 추계(기본 추계: 출산율-중위 / 기대수명-중위 / 국제이동-중위 / 국내이동-중위)","충청남도","- 구성비(%): 65세 이상",17,17.9,18.7,19.5,20.4
"중위 추계(기본 추계: 출산율-중위 / 기대수명-중위 / 국제이동-중위 / 국내이동-중위)","충청남도","총부양비",42.8,44.2,45.2,46,46.8
"중위 추계(기본 추계: 출산율-중위 / 기대수명-중위 / 국제이동-중위 / 국내이동-중위)","충청남도","유소년부양비",18.5,18.4,18,17.5,16.9
"중위 추계(기본 추계: 출산율-중위 / 기대수명-중위 / 국제이동-중위 / 국내이동-중위)","충청남도","노년부양비",24.2,25.8,27.2,28.5,29.9
"중위 추계(기본 추계: 출산율-중위 / 기대수명-중위 / 국제이동-중위 / 국내이동-중위)","충청남도","노령화지수",130.8,140.6,150.7,162.8,176.9
"중위 추계(기본 추계: 출산율-중위 / 기대수명-중위 / 국제이동-중위 / 국내이동-중위)","충청남도","중위연령(세)",43.2,44.1,44.9,45.6,46.3
"중위 추계(기본 추계: 출산율-중위 / 기대수명-중위 / 국제이동-중위 / 국내이동-중위)","충청남도","중위연령(세)-남자",41.6,42.5,43.3,44,44.7
"중위 추계(기본 추계: 출산율-중위 / 기대수명-중위 / 국제이동-중위 / 국내이동-중위)","충청남도","중위연령(세)-여자",44.9,45.8,46.6,47.4,48.2
"중위 추계(기본 추계: 출산율-중위 / 기대수명-중위 / 국제이동-중위 / 국내이동-중위)","전라북도","총인구(명)",1811958,1805688,1794192,1780234,1766615
"중위 추계(기본 추계: 출산율-중위 / 기대수명-중위 / 국제이동-중위 / 국내이동-중위)","전라북도","남자(명)",904929,900472,894826,888481,881907
"중위 추계(기본 추계: 출산율-중위 / 기대수명-중위 / 국제이동-중위 / 국내이동-중위)","전라북도","여자(명)",907029,905216,899366,891753,884708
"중위 추계(기본 추계: 출산율-중위 / 기대수명-중위 / 국제이동-중위 / 국내이동-중위)","전라북도","성비(여자1백명당)",99.8,99.5,99.5,99.6,99.7
"중위 추계(기본 추계: 출산율-중위 / 기대수명-중위 / 국제이동-중위 / 국내이동-중위)","전라북도","인구성장률(%)",-0.59,-0.35,-0.64,-0.78,-0.77
"중위 추계(기본 추계: 출산율-중위 / 기대수명-중위 / 국제이동-중위 / 국내이동-중위)","전라북도","인구구성비(%)",3.5,3.5,3.5,3.4,3.4
"중위 추계(기본 추계: 출산율-중위 / 기대수명-중위 / 국제이동-중위 / 국내이동-중위)","전라북도","인구(명): 0-14세",218165,211368,204214,195426,185986
"중위 추계(기본 추계: 출산율-중위 / 기대수명-중위 / 국제이동-중위 / 국내이동-중위)","전라북도","인구(명): 15-64세",1238527,1222791,1205519,1186770,1167869
"중위 추계(기본 추계: 출산율-중위 / 기대수명-중위 / 국제이동-중위 / 국내이동-중위)","전라북도","인구(명): 65세 이상",355266,371529,384459,398038,412760
"중위 추계(기본 추계: 출산율-중위 / 기대수명-중위 / 국제이동-중위 / 국내이동-중위)","전라북도","- 구성비(%): 0-14세",12,11.7,11.4,11,10.5
"중위 추계(기본 추계: 출산율-중위 / 기대수명-중위 / 국제이동-중위 / 국내이동-중위)","전라북도","- 구성비(%): 15-64세",68.4,67.7,67.2,66.7,66.1
"중위 추계(기본 추계: 출산율-중위 / 기대수명-중위 / 국제이동-중위 / 국내이동-중위)","전라북도","- 구성비(%): 65세 이상",19.6,20.6,21.4,22.4,23.4
"중위 추계(기본 추계: 출산율-중위 / 기대수명-중위 / 국제이동-중위 / 국내이동-중위)","전라북도","총부양비",46.3,47.7,48.8,50,51.3
"중위 추계(기본 추계: 출산율-중위 / 기대수명-중위 / 국제이동-중위 / 국내이동-중위)","전라북도","유소년부양비",17.6,17.3,16.9,16.5,15.9
"중위 추계(기본 추계: 출산율-중위 / 기대수명-중위 / 국제이동-중위 / 국내이동-중위)","전라북도","노년부양비",28.7,30.4,31.9,33.5,35.3
"중위 추계(기본 추계: 출산율-중위 / 기대수명-중위 / 국제이동-중위 / 국내이동-중위)","전라북도","노령화지수",162.8,175.8,188.3,203.7,221.9
"중위 추계(기본 추계: 출산율-중위 / 기대수명-중위 / 국제이동-중위 / 국내이동-중위)","전라북도","중위연령(세)",45.9,46.7,47.5,48.4,49.2
"중위 추계(기본 추계: 출산율-중위 / 기대수명-중위 / 국제이동-중위 / 국내이동-중위)","전라북도","중위연령(세)-남자",44.2,45,45.8,46.6,47.4
"중위 추계(기본 추계: 출산율-중위 / 기대수명-중위 / 국제이동-중위 / 국내이동-중위)","전라북도","중위연령(세)-여자",47.6,48.4,49.2,50,50.8
"중위 추계(기본 추계: 출산율-중위 / 기대수명-중위 / 국제이동-중위 / 국내이동-중위)","전라남도","총인구(명)",1793043,1793108,1782951,1768620,1757262
"중위 추계(기본 추계: 출산율-중위 / 기대수명-중위 / 국제이동-중위 / 국내이동-중위)","전라남도","남자(명)",904057,905572,900839,894118,889248
"중위 추계(기본 추계: 출산율-중위 / 기대수명-중위 / 국제이동-중위 / 국내이동-중위)","전라남도","여자(명)",888986,887536,882112,874502,868014
"중위 추계(기본 추계: 출산율-중위 / 기대수명-중위 / 국제이동-중위 / 국내이동-중위)","전라남도","성비(여자1백명당)",101.7,102,102.1,102.2,102.4
"중위 추계(기본 추계: 출산율-중위 / 기대수명-중위 / 국제이동-중위 / 국내이동-중위)","전라남도","인구성장률(%)",-0.18,0,-0.57,-0.81,-0.64
"중위 추계(기본 추계: 출산율-중위 / 기대수명-중위 / 국제이동-중위 / 국내이동-중위)","전라남도","인구구성비(%)",3.5,3.5,3.4,3.4,3.4
"중위 추계(기본 추계: 출산율-중위 / 기대수명-중위 / 국제이동-중위 / 국내이동-중위)","전라남도","인구(명): 0-14세",214962,210415,204684,197170,188494
"중위 추계(기본 추계: 출산율-중위 / 기대수명-중위 / 국제이동-중위 / 국내이동-중위)","전라남도","인구(명): 15-64세",1181622,1172404,1157103,1138086,1121456
"중위 추계(기본 추계: 출산율-중위 / 기대수명-중위 / 국제이동-중위 / 국내이동-중위)","전라남도","인구(명): 65세 이상",396459,410289,421164,433364,447312
"중위 추계(기본 추계: 출산율-중위 / 기대수명-중위 / 국제이동-중위 / 국내이동-중위)","전라남도","- 구성비(%): 0-14세",12,11.7,11.5,11.1,10.7
"중위 추계(기본 추계: 출산율-중위 / 기대수명-중위 / 국제이동-중위 / 국내이동-중위)","전라남도","- 구성비(%): 15-64세",65.9,65.4,64.9,64.3,63.8
"중위 추계(기본 추계: 출산율-중위 / 기대수명-중위 / 국제이동-중위 / 국내이동-중위)","전라남도","- 구성비(%): 65세 이상",22.1,22.9,23.6,24.5,25.5
"중위 추계(기본 추계: 출산율-중위 / 기대수명-중위 / 국제이동-중위 / 국내이동-중위)","전라남도","총부양비",51.7,52.9,54.1,55.4,56.7
"중위 추계(기본 추계: 출산율-중위 / 기대수명-중위 / 국제이동-중위 / 국내이동-중위)","전라남도","유소년부양비",18.2,17.9,17.7,17.3,16.8
"중위 추계(기본 추계: 출산율-중위 / 기대수명-중위 / 국제이동-중위 / 국내이동-중위)","전라남도","노년부양비",33.6,35,36.4,38.1,39.9
"중위 추계(기본 추계: 출산율-중위 / 기대수명-중위 / 국제이동-중위 / 국내이동-중위)","전라남도","노령화지수",184.4,195,205.8,219.8,237.3
"중위 추계(기본 추계: 출산율-중위 / 기대수명-중위 / 국제이동-중위 / 국내이동-중위)","전라남도","중위연령(세)",47.9,48.5,49.4,50.2,51
"중위 추계(기본 추계: 출산율-중위 / 기대수명-중위 / 국제이동-중위 / 국내이동-중위)","전라남도","중위연령(세)-남자",45.9,46.5,47.4,48.3,49.1
"중위 추계(기본 추계: 출산율-중위 / 기대수명-중위 / 국제이동-중위 / 국내이동-중위)","전라남도","중위연령(세)-여자",50,50.7,51.5,52.4,53.1
"중위 추계(기본 추계: 출산율-중위 / 기대수명-중위 / 국제이동-중위 / 국내이동-중위)","경상북도","총인구(명)",2671108,2651789,2640965,2628220,2616721
"중위 추계(기본 추계: 출산율-중위 / 기대수명-중위 / 국제이동-중위 / 국내이동-중위)","경상북도","남자(명)",1353578,1342556,1337140,1331227,1326264
"중위 추계(기본 추계: 출산율-중위 / 기대수명-중위 / 국제이동-중위 / 국내이동-중위)","경상북도","여자(명)",1317530,1309233,1303825,1296993,1290457
"중위 추계(기본 추계: 출산율-중위 / 기대수명-중위 / 국제이동-중위 / 국내이동-중위)","경상북도","성비(여자1백명당)",102.7,102.5,102.6,102.6,102.8
"중위 추계(기본 추계: 출산율-중위 / 기대수명-중위 / 국제이동-중위 / 국내이동-중위)","경상북도","인구성장률(%)",-0.15,-0.73,-0.41,-0.48,-0.44
"중위 추계(기본 추계: 출산율-중위 / 기대수명-중위 / 국제이동-중위 / 국내이동-중위)","경상북도","인구구성비(%)",5.2,5.1,5.1,5.1,5.1
"중위 추계(기본 추계: 출산율-중위 / 기대수명-중위 / 국제이동-중위 / 국내이동-중위)","경상북도","인구(명): 0-14세",308657,299805,291286,280775,268662
"중위 추계(기본 추계: 출산율-중위 / 기대수명-중위 / 국제이동-중위 / 국내이동-중위)","경상북도","인구(명): 15-64세",1835170,1801041,1775501,1747413,1723115
"중위 추계(기본 추계: 출산율-중위 / 기대수명-중위 / 국제이동-중위 / 국내이동-중위)","경상북도","인구(명): 65세 이상",527281,550943,574178,600032,624944
"중위 추계(기본 추계: 출산율-중위 / 기대수명-중위 / 국제이동-중위 / 국내이동-중위)","경상북도","- 구성비(%): 0-14세",11.6,11.3,11,10.7,10.3
"중위 추계(기본 추계: 출산율-중위 / 기대수명-중위 / 국제이동-중위 / 국내이동-중위)","경상북도","- 구성비(%): 15-64세",68.7,67.9,67.2,66.5,65.9
"중위 추계(기본 추계: 출산율-중위 / 기대수명-중위 / 국제이동-중위 / 국내이동-중위)","경상북도","- 구성비(%): 65세 이상",19.7,20.8,21.7,22.8,23.9
"중위 추계(기본 추계: 출산율-중위 / 기대수명-중위 / 국제이동-중위 / 국내이동-중위)","경상북도","총부양비",45.6,47.2,48.7,50.4,51.9
"중위 추계(기본 추계: 출산율-중위 / 기대수명-중위 / 국제이동-중위 / 국내이동-중위)","경상북도","유소년부양비",16.8,16.6,16.4,16.1,15.6
"중위 추계(기본 추계: 출산율-중위 / 기대수명-중위 / 국제이동-중위 / 국내이동-중위)","경상북도","노년부양비",28.7,30.6,32.3,34.3,36.3
"중위 추계(기본 추계: 출산율-중위 / 기대수명-중위 / 국제이동-중위 / 국내이동-중위)","경상북도","노령화지수",170.8,183.8,197.1,213.7,232.6
"중위 추계(기본 추계: 출산율-중위 / 기대수명-중위 / 국제이동-중위 / 국내이동-중위)","경상북도","중위연령(세)",46.7,47.6,48.4,49.3,50.1
"중위 추계(기본 추계: 출산율-중위 / 기대수명-중위 / 국제이동-중위 / 국내이동-중위)","경상북도","중위연령(세)-남자",44.5,45.5,46.3,47.2,48
"중위 추계(기본 추계: 출산율-중위 / 기대수명-중위 / 국제이동-중위 / 국내이동-중위)","경상북도","중위연령(세)-여자",48.9,49.8,50.6,51.4,52.2
"중위 추계(기본 추계: 출산율-중위 / 기대수명-중위 / 국제이동-중위 / 국내이동-중위)","경상남도","총인구(명)",3350142,3340211,3317568,3289257,3276547
"중위 추계(기본 추계: 출산율-중위 / 기대수명-중위 / 국제이동-중위 / 국내이동-중위)","경상남도","남자(명)",1705158,1696336,1683479,1668443,1661891
"중위 추계(기본 추계: 출산율-중위 / 기대수명-중위 / 국제이동-중위 / 국내이동-중위)","경상남도","여자(명)",1644984,1643875,1634089,1620814,1614656
"중위 추계(기본 추계: 출산율-중위 / 기대수명-중위 / 국제이동-중위 / 국내이동-중위)","경상남도","성비(여자1백명당)",103.7,103.2,103,102.9,102.9
"중위 추계(기본 추계: 출산율-중위 / 기대수명-중위 / 국제이동-중위 / 국내이동-중위)","경상남도","인구성장률(%)",-0.04,-0.3,-0.68,-0.86,-0.39
"중위 추계(기본 추계: 출산율-중위 / 기대수명-중위 / 국제이동-중위 / 국내이동-중위)","경상남도","인구구성비(%)",6.5,6.4,6.4,6.4,6.4
"중위 추계(기본 추계: 출산율-중위 / 기대수명-중위 / 국제이동-중위 / 국내이동-중위)","경상남도","인구(명): 0-14세",445238,432970,419089,402190,383669
"중위 추계(기본 추계: 출산율-중위 / 기대수명-중위 / 국제이동-중위 / 국내이동-중위)","경상남도","인구(명): 15-64세",2380901,2351320,2312883,2269803,2242155
"중위 추계(기본 추계: 출산율-중위 / 기대수명-중위 / 국제이동-중위 / 국내이동-중위)","경상남도","인구(명): 65세 이상",524003,555921,585596,617264,650723
"중위 추계(기본 추계: 출산율-중위 / 기대수명-중위 / 국제이동-중위 / 국내이동-중위)","경상남도","- 구성비(%): 0-14세",13.3,13,12.6,12.2,11.7
"중위 추계(기본 추계: 출산율-중위 / 기대수명-중위 / 국제이동-중위 / 국내이동-중위)","경상남도","- 구성비(%): 15-64세",71.1,70.4,69.7,69,68.4
"중위 추계(기본 추계: 출산율-중위 / 기대수명-중위 / 국제이동-중위 / 국내이동-중위)","경상남도","- 구성비(%): 65세 이상",15.6,16.6,17.7,18.8,19.9
"중위 추계(기본 추계: 출산율-중위 / 기대수명-중위 / 국제이동-중위 / 국내이동-중위)","경상남도","총부양비",40.7,42.1,43.4,44.9,46.1
"중위 추계(기본 추계: 출산율-중위 / 기대수명-중위 / 국제이동-중위 / 국내이동-중위)","경상남도","유소년부양비",18.7,18.4,18.1,17.7,17.1
"중위 추계(기본 추계: 출산율-중위 / 기대수명-중위 / 국제이동-중위 / 국내이동-중위)","경상남도","노년부양비",22,23.6,25.3,27.2,29
"중위 추계(기본 추계: 출산율-중위 / 기대수명-중위 / 국제이동-중위 / 국내이동-중위)","경상남도","노령화지수",117.7,128.4,139.7,153.5,169.6
"중위 추계(기본 추계: 출산율-중위 / 기대수명-중위 / 국제이동-중위 / 국내이동-중위)","경상남도","중위연령(세)",44.3,45.1,46,46.9,47.7
"중위 추계(기본 추계: 출산율-중위 / 기대수명-중위 / 국제이동-중위 / 국내이동-중위)","경상남도","중위연령(세)-남자",42.3,43.2,44.1,45,45.8
"중위 추계(기본 추계: 출산율-중위 / 기대수명-중위 / 국제이동-중위 / 국내이동-중위)","경상남도","중위연령(세)-여자",46.1,46.9,47.8,48.8,49.6
"중위 추계(기본 추계: 출산율-중위 / 기대수명-중위 / 국제이동-중위 / 국내이동-중위)","제주특별자치도","총인구(명)",663803,668699,673189,675705,680335
"중위 추계(기본 추계: 출산율-중위 / 기대수명-중위 / 국제이동-중위 / 국내이동-중위)","제주특별자치도","남자(명)",336089,337448,338902,339772,341906
"중위 추계(기본 추계: 출산율-중위 / 기대수명-중위 / 국제이동-중위 / 국내이동-중위)","제주특별자치도","여자(명)",327714,331251,334287,335933,338429
"중위 추계(기본 추계: 출산율-중위 / 기대수명-중위 / 국제이동-중위 / 국내이동-중위)","제주특별자치도","성비(여자1백명당)",102.6,101.9,101.4,101.1,101
"중위 추계(기본 추계: 출산율-중위 / 기대수명-중위 / 국제이동-중위 / 국내이동-중위)","제주특별자치도","인구성장률(%)",1.4,0.73,0.67,0.37,0.68
"중위 추계(기본 추계: 출산율-중위 / 기대수명-중위 / 국제이동-중위 / 국내이동-중위)","제주특별자치도","인구구성비(%)",1.3,1.3,1.3,1.3,1.3
"중위 추계(기본 추계: 출산율-중위 / 기대수명-중위 / 국제이동-중위 / 국내이동-중위)","제주특별자치도","인구(명): 0-14세",97339,96224,95552,93652,91227
"중위 추계(기본 추계: 출산율-중위 / 기대수명-중위 / 국제이동-중위 / 국내이동-중위)","제주특별자치도","인구(명): 15-64세",470623,471308,471310,470547,471897
"중위 추계(기본 추계: 출산율-중위 / 기대수명-중위 / 국제이동-중위 / 국내이동-중위)","제주특별자치도","인구(명): 65세 이상",95841,101167,106327,111506,117211
"중위 추계(기본 추계: 출산율-중위 / 기대수명-중위 / 국제이동-중위 / 국내이동-중위)","제주특별자치도","- 구성비(%): 0-14세",14.7,14.4,14.2,13.9,13.4
"중위 추계(기본 추계: 출산율-중위 / 기대수명-중위 / 국제이동-중위 / 국내이동-중위)","제주특별자치도","- 구성비(%): 15-64세",70.9,70.5,70,69.6,69.4
"중위 추계(기본 추계: 출산율-중위 / 기대수명-중위 / 국제이동-중위 / 국내이동-중위)","제주특별자치도","- 구성비(%): 65세 이상",14.4,15.1,15.8,16.5,17.2
"중위 추계(기본 추계: 출산율-중위 / 기대수명-중위 / 국제이동-중위 / 국내이동-중위)","제주특별자치도","총부양비",41,41.9,42.8,43.6,44.2
"중위 추계(기본 추계: 출산율-중위 / 기대수명-중위 / 국제이동-중위 / 국내이동-중위)","제주특별자치도","유소년부양비",20.7,20.4,20.3,19.9,19.3
"중위 추계(기본 추계: 출산율-중위 / 기대수명-중위 / 국제이동-중위 / 국내이동-중위)","제주특별자치도","노년부양비",20.4,21.5,22.6,23.7,24.8
"중위 추계(기본 추계: 출산율-중위 / 기대수명-중위 / 국제이동-중위 / 국내이동-중위)","제주특별자치도","노령화지수",98.5,105.1,111.3,119.1,128.5
"중위 추계(기본 추계: 출산율-중위 / 기대수명-중위 / 국제이동-중위 / 국내이동-중위)","제주특별자치도","중위연령(세)",42.5,43,43.6,44.3,44.8
"중위 추계(기본 추계: 출산율-중위 / 기대수명-중위 / 국제이동-중위 / 국내이동-중위)","제주특별자치도","중위연령(세)-남자",41.3,41.9,42.5,43.1,43.7
"중위 추계(기본 추계: 출산율-중위 / 기대수명-중위 / 국제이동-중위 / 국내이동-중위)","제주특별자치도","중위연령(세)-여자",43.8,44.2,44.8,45.4,46
